Rank,MatchID,Date,Winner,Other Players,ELO_Sum
1,45797,2026-03-03,ShuShuBana+2889,"Led_Slash+3579, Schkitz+8222, kayajam+9348",5670
2,45479,2026-02-09,ShuShuBana+2889,"ImJustExisting+9170, Silver+6850, KFull+1226",5500
3,46019,2026-03-15,Led_Slash+3579,"KFull+1226, matemato+5004, Tricholome+4276",5499
4,45557,2026-02-15,kayajam+9348,"cliuless+2304, Led_Slash+3579, ShuShuBana+2889",5489
5,45856,2026-03-08,TurkeyNoNo+9522,"Tad604+8004, Mouseman+7870, Led_Slash+3579",5481
6,46064,2026-03-18,DarthPuniceus+9605,"TonyDeloreanESQ+4756, Ctfox+5431, Led_Slash+3579",5452
7,45755,2026-02-26,FavorOfTheRabbits+9523,"KFull+1226, DanzigMF+6351, Led_Slash+3579",5430
8,45938,2026-02-22,Led_Slash+3579,"Cookies+3700, Xar149+9374, Lokfok+5204",5426
9,45892,2026-03-09,cliuless+2304,"LucianTheFak+3697, Led_Slash+3579, TurkeyNoNo+9522",5421
10,45878,2026-03-09,cliuless+2304,"Nefkano+8780, Antiproject+7236, Tricholome+4276",5416
11,45377,2026-01-31,doejurko+3088,"Klishu+3272, ShuShuBana+2889, Schkitz+8222",5411
12,45840,2026-03-06,Bapgo+7254,"ShuShuBana+2889, Pandapapst+8323, Tricholome+4276",5411
13,45841,2026-03-06,Bitto+476,"AERotters+5277, Led_Slash+3579, Tricholome+4276",5410
14,45333,2026-01-28,KFull+1226,"1coolguy+6294, Tricholome+4276, ShuShuBana+2889",5408
15,45249,2026-01-20,Killerstorm17+3440,"MangoBlade11+7548, Led_Slash+3579, Tolfan",5401
16,45452,2026-02-06,"TurkeyNoNo+9522, KFull+1226","dindane+250, BMPerJMPer+9145",5401
17,46073,2026-03-19,Mossfusion+6189,"Pliskin+7357, pooge+6189, Led_Slash+3579",5398
18,45343,2026-01-29,cliuless+2304,"kayajam+9348, Pandapapst+8323, ShuShuBana+2889",5395
19,45367,2026-01-31,ShuShuBana+2889,"Pandapapst+8323, BMPerJMPer+9145, Tricholome+4276",5382
20,46010,2026-03-15,Tricholome+4276,"kayajam+9348, Led_Slash+3579, Wriggleroom+4502",5379
21,45935,2026-02-18,Led_Slash+3579,"tippop+7531, Tricholome+4276, Pandapapst+8323",5336
22,45623,2026-02-18,kayajam+9348,"Led_Slash+3579, DarthOblivius+1339, ShuShuBana+2889",5330
23,45783,2026-03-02,ShuShuBana+2889,"Bapgo+7254, pooge+6189, HobGungan+2914",5326
24,45999,2026-03-14,DarthPuniceus+9605,"Tad604+8004, Tolfan, KFull+1226",5325
25,45504,2026-02-10,KFull+1226,"Killerstorm17+3440, radiantchaos+5523, dindane+250",5324
26,45954,2026-03-06,Led_Slash+3579,"ShuShuBana+2889, Excitedteapot+2857, lumpyprol+3206",5318
27,45389,2026-02-01,ShuShuBana+2889,"Klishu+3272, KFull+1226, 1coolguy+6294",5312
28,45736,2026-02-25,TurkeyNoNo+9522,"Tolfan, cringelordirl+3838, ShuShuBana+2889",5312
29,45379,2026-02-01,KFull+1226,"ShuShuBana+2889, ninjacat536+1220, HobGungan+2914",5311
30,45767,2026-02-27,cliuless+2304,"Led_Slash+3579, TurkeyNoNo+9522, cringelordirl+3838",5308
31,45984,2026-03-13,tofuwater+4853,"alevGO+2990, Tolfan, Xar149+9374",5306
32,45351,2026-01-30,ShuShuBana+2889,"Pandapapst+8323, Silver+6850, Lobster+5525",5300
33,46070,2026-03-19,TonyDeloreanESQ+4756,"Ctfox+5431, Led_Slash+3579, deejaythink+9834",5299
34,45507,2026-02-11,FavorOfTheRabbits+9523,"Led_Slash+3579, mouseinabox+992, ShuShuBana+2889",5298
35,45649,2026-02-19,ChippZamoose+906,"DanzigMF+6351, KFull+1226, Led_Slash+3579",5297
36,45541,2026-02-13,NadtyLite+7330,"Nefkano+8780, TurkeyNoNo+9522, Led_Slash+3579",5287
37,45995,2026-03-14,Kmahussier+2186,"Led_Slash+3579, Seiza+6137, BMPerJMPer+9145",5286
38,45958,2026-03-11,Led_Slash+3579,"BMPerJMPer+9145, Tricholome+4276, Seiza+6137",5282
39,45873,2026-02-03,Led_Slash+3579,"EmbryoticDeth, kayajam+9348, Tad604+8004",5281
40,45530,2026-02-12,Antiproject+7236,"Led_Slash+3579, tippop+7531, secretpaths+8130",5276
41,45955,2026-03-08,Led_Slash+3579,"Seiza+6137, Mossfusion+6189, pooge+6189",5274
42,45978,2026-03-12,Led_Slash+3579,"Nymmer+3243, cliuless+2304, cringelordirl+3838",5271
43,45646,2026-02-19,Led_Slash+3579,"Pandapapst+8323, Nymmer+3243, matemato+5004",5270
44,45830,2026-03-05,Nudraxon+7640,"AERotters+5277, Led_Slash+3579, Rabbitwarlord+1983",5268
45,45630,2026-02-18,ImJustExisting+9170,"Led_Slash+3579, cringelordirl+3838, Nefkano+8780",5265
46,45212,2026-01-16,doejurko+3088,"DarthPuniceus+9605, Led_Slash+3579, MrDrouf+3826",5263
47,45847,2026-03-07,Led_Slash+3579,"Piechu+7320, Mouseman+7870, TheSillyBilly+6135",5261
48,45959,2026-03-11,Nefkano+8780,"KFull+1226, Schkitz+8222, NadtyLite+7330",5260
49,45292,2026-01-17,Led_Slash+3579,"FakeSki+4232, DarthPuniceus+9605, kayajam+9348",5260
50,45556,2026-02-15,Tolfan,"Schkitz+8222, Led_Slash+3579, sparrowhawk+9374",5258
51,46039,2026-03-17,Tricholome+4276,"cringelordirl+3838, Nefkano+8780, cliuless+2304",5257
52,45640,2026-03-01,Led_Slash+3579,"Schkitz+8222, Pliskin+7357, micherin+7972",5253
53,45347,2026-01-29,AERotters+5277,"matemato+5004, Led_Slash+3579, Xman1997+3777",5251
54,45451,2026-02-06,kaiser+8343,"Killerstorm17+3440, Tolfan, mouseinabox+992",5247
55,45260,2026-01-21,Killerstorm17+3440,"Hydro033+5014, FausDav+5901, kaiser+8343",5246
56,45299,2026-01-24,ShuShuBana+2889,"ChippZamoose+906, Led_Slash+3579, DarthPuniceus+9605",5246
57,45992,2026-03-13,Tad604+8004,"Banzai7000+1191, Bapgo+7254, Bitto+476",5232
58,45943,2026-02-23,Led_Slash+3579,"Piechu+7320, DemaRogue+7727, tippop+7531",5230
59,45253,2026-01-20,tippop+7531,"FakeSki+4232, BMPerJMPer+9145, Tricholome+4276",5230
60,45455,2026-02-06,Tricholome+4276,"MrDrouf+3826, kayajam+9348, Pandapapst+8323",5230
61,45303,2026-01-25,Killerstorm17+3440,"FVMLion+1706, ellbelle+9011, Blurr+1887",5229
62,45636,2026-02-19,lumpyprol+3206,"ShuShuBana+2889, pooge+6189, DemaRogue+7727",5224
63,45730,2026-02-24,KFull+1226,"Schkitz+8222, kaiser+8343, NadtyLite+7330",5218
64,45896,2026-02-11,Led_Slash+3579,"HobGungan+2914, ShuShuBana+2889, Furry0329+6442",5217
65,45664,2026-02-20,tippop+7531,"cliuless+2304, secretpaths+8130, Led_Slash+3579",5215
66,45908,2026-02-14,Led_Slash+3579,"BaconBoy+9689, RFMerlo+6470, KFull+1226",5212
67,45706,2026-02-23,kayajam+9348,"DarthPuniceus+9605, ShuShuBana+2889, cjahwon+6865",5208
68,45427,2026-02-04,Pandapapst+8323,"KFull+1226, DelSol+6479, ImJustExisting+9170",5207
69,45952,2026-03-03,Led_Slash+3579,"kaiser+8343, cliuless+2304, Wriggleroom+4502",5207
70,46020,2026-03-15,Led_Slash+3579,"Ctfox+5431, Munchking+5998, MylesMoose+6850",5205
71,45464,2026-02-07,Antiproject+7236,"Cheesecake271+5205, Tricholome+4276, Led_Slash+3579",5205
72,45748,2026-02-26,ShuShuBana+2889,"KFull+1226, mouseinabox+992, TheFourthJesse+9103",5203
73,45874,2026-02-04,Led_Slash+3579,"DarthPuniceus+9605, TurkeyNoNo+9522, NadtyLite+7330",5203
74,45378,2026-02-01,KFull+1226,"KargDemiau+7823, Schkitz+8222, TurkeyNoNo+9522",5203
75,45907,2026-02-14,Led_Slash+3579,"Tricholome+4276, StoneOfShame+5048, TheDolphinman+2630",5202
76,46025,2026-03-15,Kmahussier+2186,"Seiza+6137, DarthPuniceus+9605, Mossfusion+6189",5201
77,45295,2026-01-24,kayajam+9348,"cliuless+2304, ChippZamoose+906, Tad604+8004",5198
78,45384,2026-02-01,TurkeyNoNo+9522,"Led_Slash+3579, NadtyLite+7330, Schkitz+8222",5195
79,45475,2026-02-08,Nefkano+8780,"VanKaiserman+5269, Led_Slash+3579, Wrestler+3756",5189
80,45447,2026-02-06,FavorOfTheRabbits+9523,"BMPerJMPer+9145, KFull+1226, NadtyLite+7330",5189
81,45775,2026-03-01,Nefkano+8780,"KFull+1226, Schkitz+8222, Pi314+6815",5184
82,45321,2026-01-27,KFull+1226,"Xman1997+3777, Doordecat+1475, ShuShuBana+2889",5183
83,45906,2026-02-13,Led_Slash+3579,"Nefkano+8780, NadtyLite+7330, Schkitz+8222",5176
84,45863,2026-01-28,Led_Slash+3579,"FakeSki+4232, pwarren8590+4047, KFull+1226",5174
85,45350,2026-01-30,ShuShuBana+2889,"Pandapapst+8323, Tricholome+4276, NadtyLite+7330",5174
86,45421,2026-02-03,KFull+1226,"LutherStr+1358, LucianTheFak+3697, ShuShuBana+2889",5172
87,45485,2026-02-09,Pandapapst+8323,"Nefkano+8780, KFull+1226, MrDrouf+3826",5172
88,45551,2026-02-14,Bitto+476,"DarthPuniceus+9605, ShuShuBana+2889, ChippZamoose+906",5170
89,45944,2026-02-25,Led_Slash+3579,"Ptitmxz+6986, Nymmer+3243, AERotters+5277",5169
90,45870,2026-01-31,Led_Slash+3579,"Schkitz+8222, kaiser+8343, Pandapapst+8323",5168
91,45480,2026-02-09,ShuShuBana+2889,"Mcauthor+181, Lobster+5525, TheDolphinman+2630",5167
92,45566,2026-02-15,Nefkano+8780,"VanKaiserman+5269, Led_Slash+3579, Wrestler+3756",5165
93,45332,2026-01-28,AERotters+5277,"ShuShuBana+2889, NadtyLite+7330, matemato+5004",5161
94,45948,2026-03-02,Led_Slash+3579,"cjahwon+6865, KFull+1226, lumpyprol+3206",5161
95,45567,2026-02-15,NadtyLite+7330,"AERotters+5277, FavorOfTheRabbits+9523, ShuShuBana+2889",5161
96,45940,2026-02-22,Led_Slash+3579,"Tricholome+4276, lumpyprol+3206, Bengal3+6710",5151
97,45871,2026-02-01,Led_Slash+3579,"BaconBoy+9689, pooge+6189, Tad604+8004",5148
98,45911,2026-02-15,Led_Slash+3579,"Pandapapst+8323, Wriggleroom+4502, Tricholome+4276",5146
99,45934,2026-02-18,Led_Slash+3579,"TurkeyNoNo+9522, DanzigMF+6351, Elijah+6615",5145
100,46008,2026-03-14,Seiza+6137,"Emperia+9282, Bapgo+7254, matemato+5004",5145
101,45443,2026-02-05,KFull+1226,"Odinius+897, Led_Slash+3579, FakeSki+4232",5144
102,46033,2026-03-16,Led_Slash+3579,"Seiza+6137, Bapgo+7254, DarthOblivius+1339",5144
103,45831,2026-03-05,NadtyLite+7330,"pooge+6189, KFull+1226, DanzigMF+6351",5143
104,45782,2026-03-02,ShuShuBana+2889,"Tricholome+4276, Pandapapst+8323, Peppy+6321",5143
105,45383,2026-02-01,kaiser+8343,"tunnndz+4270, ChippZamoose+906, Led_Slash+3579",5142
106,46021,2026-03-15,Ptitmxz+6986,"KFull+1226, Schkitz+8222, Nefkano+8780",5142
107,45147,2026-01-11,Killerstorm17+3440,"tunnndz+4270, TimidTailwind+2597, Oppapi+9478",5141
108,45502,2026-02-10,Bapgo+7254,"Schkitz+8222, DanzigMF+6351, ninjacat536+1220",5141
109,45459,2026-02-07,StoneOfShame+5048,"pwarren8590+4047, Mouseman+7870, BuliBaka+6658",5139
110,45153,2026-01-11,Tolfan,"mouseinabox+992, ChippZamoose+906, Led_Slash+3579",5136
111,45607,2026-02-22,Led_Slash+3579,"micherin+7972, cliuless+2304, lumpyprol+3206",5136
112,45169,2026-01-13,Killerstorm17+3440,"cliuless+2304, MylesMoose+6850, Mindger+7576",5135
113,45493,2026-02-10,ShuShuBana+2889,"benruff+449, Mcauthor+181, NadtyLite+7330",5134
114,45951,2026-03-02,Led_Slash+3579,"Kmahussier+2186, AERotters+5277, Podge0303+8578",5134
115,45482,2026-02-09,alevGO+2990,"Led_Slash+3579, swiftsusan+8662, sda1611+3493",5133
116,46091,2026-03-21,tofuwater+4853,"aelisheneithlon+4087, kaiser+8343, udon66+6395",5129
117,45516,2026-02-11,ShuShuBana+2889,"BaliHoo+3674, Led_Slash+3579, BaconBoy+9689",5129
118,45824,2026-03-05,Nadav253+6419,"Dramsss+3, tjudge+8299, Intraceptor+5437",5124
119,45487,2026-02-09,Pliskin+7357,"BMPerJMPer+9145, DarthPuniceus+9605, Tad604+8004",5124
120,46069,2026-03-19,udon66+6395,"Cookies+3700, DemaRogue+7727, tofuwater+4853",5123
121,45846,2026-03-07,LucianTheFak+3697,"kaiser+8343, LutherStr+1358, tjudge+8299",5123
122,46081,2026-03-20,tofuwater+4853,"tjudge+8299, Tolfan, alevGO+2990",5122
123,45252,2026-01-20,BMPerJMPer+9145,"cliuless+2304, AERotters+5277, lumpyprol+3206",5122
124,45382,2026-02-01,Tolfan,"kayajam+9348, Schkitz+8222, LucianTheFak+3697",5122
125,45926,2026-03-10,Nefkano+8780,"NadtyLite+7330, Intraceptor+5437, AERotters+5277",5121
126,45306,2026-01-25,TurkeyNoNo+9522,"Led_Slash+3579, DarthPuniceus+9605, Elijah+6615",5120
127,46059,2026-03-18,DarthOblivius+1339,"FavorOfTheRabbits+9523, NadtyLite+7330, Led_Slash+3579",5119
128,45976,2026-03-12,Nefkano+8780,"Lambo+7524, TurkeyNoNo+9522, NadtyLite+7330",5118
129,45776,2026-03-01,Nefkano+8780,"LucianTheFak+3697, cliuless+2304, LutherStr+1358",5117
130,46040,2026-03-17,Pliskin+7357,"Rabbitwarlord+1983, Tricholome+4276, FakeSki+4232",5116
131,45645,2026-02-17,Led_Slash+3579,"Nymmer+3243, KFull+1226, DarthOblivius+1339",5116
132,45864,2026-01-29,Led_Slash+3579,"Pandapapst+8323, BMPerJMPer+9145, Wriggleroom+4502",5115
133,45361,2026-01-30,kayajam+9348,"Klishu+3272, fadingnovel+7335, VanKaiserman+5269",5114
134,45422,2026-02-03,KFull+1226,"FavorOfTheRabbits+9523, kaiser+8343, goodgamepat+6980",5112
135,45641,2026-03-05,matemato+5004,"Led_Slash+3579, mouseinabox+992, micherin+7972",5111
136,45897,2026-03-09,ShuShuBana+2889,"Rabbitwarlord+1983, pwarren8590+4047, FakeSki+4232",5110
137,45889,2026-02-09,Led_Slash+3579,"KFull+1226, buurn+343, EdacM+9189",5109
138,46098,2026-03-21,Nadav253+6419,"BadScra+3199, Dramsss+3, Darkwonderer+1035",5108
139,45220,2026-01-17,Killerstorm17+3440,"Perdita+9449, TheDolphinman+2630, tunnndz+4270",5107
140,45835,2026-03-06,Antiproject+7236,"LucianTheFak+3697, matemato+5004, PlagueCarrier+5718",5101
141,45329,2026-01-28,TurkeyNoNo+9522,"Odinius+897, swiftsusan+8662, Antiproject+7236",5100
142,45997,2026-03-14,DarthPuniceus+9605,"Pandapapst+8323, KFull+1226, BMPerJMPer+9145",5100
143,45886,2026-02-08,Led_Slash+3579,"Nefkano+8780, Furry0329+6442, AERotters+5277",5100
144,46095,2026-03-21,Nadav253+6419,"hauntedpebbles2+8720, CowOnAPlane+3405, Dramsss+3",5099
145,46000,2026-03-14,cliuless+2304,"Emperia+9282, Ptitmxz+6986, Pliskin+7357",5097
146,45307,2026-01-25,ShuShuBana+2889,"Klishu+3272, DarthOblivius+1339, matemato+5004",5092
147,45909,2026-02-15,Led_Slash+3579,"dindane+250, DawnDiVito+5802, ChippZamoose+906",5091
148,45586,2026-02-16,Nefkano+8780,"NadtyLite+7330, Schkitz+8222, Kmahussier+2186",5090
149,45764,2026-02-27,Rabbitwarlord+1983,"FakeSki+4232, Pliskin+7357, Tricholome+4276",5089
150,45932,2026-03-11,Cookies+3700,"Tolfan, Xar149+9374, tunnndz+4270",5089
151,45887,2026-02-09,Led_Slash+3579,"ChippZamoose+906, Klishu+3272, MrDrouf+3826",5089
152,46034,2026-03-16,Tricholome+4276,"Ljaz7+6925, Ptitmxz+6986, Kmahussier+2186",5089
153,45700,2026-02-23,kaiser+8343,"DemaRogue+7727, Hadjiya+4475, Tolfan",5089
154,45936,2026-02-18,Led_Slash+3579,"WyvernElement+1816, hakoo, ImJustExisting+9170",5087
155,45777,2026-03-01,FrancescoBr+4009,"HobGungan+2914, Kmahussier+2186, KFull+1226",5086
156,46044,2026-03-17,Nefkano+8780,"Jasiuńcio+3892, Seiza+6137, NadtyLite+7330",5086
157,45331,2026-01-28,TurkeyNoNo+9522,"KargDemiau+7823, Antiproject+7236, Schkitz+8222",5085
158,45448,2026-02-06,Tolfan,"ChippZamoose+906, kaiser+8343, LutherStr+1358",5085
159,45726,2026-02-24,Tricholome+4276,"DarthOblivius+1339, matemato+5004, Led_Slash+3579",5084
160,46089,2026-03-20,cringelordirl+3838,"cliuless+2304, lumpyprol+3206, DarthPuniceus+9605",5082
161,45899,2026-02-12,Led_Slash+3579,"Gagneto+8499, Schkitz+8222, DemaRogue+7727",5080
162,45949,2026-03-02,Led_Slash+3579,"DanzigMF+6351, TurkeyNoNo+9522, cjahwon+6865",5077
163,45965,2026-03-12,ChippZamoose+906,"Schkitz+8222, MylesMoose+6850, cliuless+2304",5076
164,45953,2026-03-04,Led_Slash+3579,"cringelordirl+3838, PlagueCarrier+5718, lumpyprol+3206",5074
165,46046,2026-03-17,matemato+5004,"NadtyLite+7330, cliuless+2304, cringelordirl+3838",5072
166,45180,2026-01-14,Nadav253+6419,"sleepylabone+1003, Killerstorm17+3440, LHlegend+5313",5070
167,45628,2026-02-18,DemaRogue+7727,"NadtyLite+7330, KFull+1226, DarthPuniceus+9605",5069
168,45272,2026-01-22,Pliskin+7357,"FakeSki+4232, Rabbitwarlord+1983, Tricholome+4276",5069
169,45234,2026-01-18,AERotters+5277,"Led_Slash+3579, Wrestler+3756, Silver+6850",5066
170,45371,2026-01-31,Bapgo+7254,"Tricholome+4276, AERotters+5277, cliuless+2304",5066
171,45885,2026-02-08,Led_Slash+3579,"TheDolphinman+2630, AERotters+5277, Tad604+8004",5063
172,45262,2026-01-21,swiftsusan+8662,"XxD4RK_W0LFxX+9534, Pandapapst+8323, Led_Slash+3579",5063
173,45466,2026-02-08,ninjacat536+1220,"BaconBoy+9689, Nefkano+8780, Schkitz+8222",5062
174,45592,2026-02-16,matemato+5004,"DarthPuniceus+9605, Schkitz+8222, NadtyLite+7330",5061
175,45979,2026-03-12,Seiza+6137,"Nefkano+8780, NadtyLite+7330, Blank+7029",5060
176,46016,2026-03-15,Nadav253+6419,"Cookies+3700, nikkan+7933, hauntedpebbles2+8720",5059
177,46037,2026-03-17,Tad604+8004,"Emperia+9282, FavorOfTheRabbits+9523, Valzaan+3564",5057
178,45226,2026-01-17,Tricholome+4276,"DelSol+6479, Harriet+1445, ChippZamoose+906",5057
179,45910,2026-02-15,Led_Slash+3579,"DarthOblivius+1339, Schkitz+8222, matemato+5004",5056
180,45460,2026-02-07,Nefkano+8780,"TurkeyNoNo+9522, DanzigMF+6351, Excitedteapot+2857",5056
181,46068,2026-03-19,NadtyLite+7330,"Emperia+9282, Kmahussier+2186, Schkitz+8222",5055
182,46066,2026-03-19,Emperia+9282,"Schkitz+8222, CptAlex+2928, Nefkano+8780",5055
183,45539,2026-02-13,TheDolphinman+2630,"ShuShuBana+2889, DarthPuniceus+9605, Wrestler+3756",5055
184,45779,2026-03-01,LucianTheFak+3697,"Tricholome+4276, LutherStr+1358, NadtyLite+7330",5055
185,45325,2026-01-27,Mouseman+7870,"Led_Slash+3579, TheRedViper+1596, TonyDeloreanESQ+4756",5054
186,45656,2026-02-19,Tad604+8004,"Led_Slash+3579, TonyDeloreanESQ+4756, lumpyprol+3206",5053
187,45488,2026-02-09,AERotters+5277,"DelSol+6479, Excitedteapot+2857, Tricholome+4276",5051
188,45352,2026-01-30,ShuShuBana+2889,"BaliHoo+3674, LucianTheFak+3697, KFull+1226",5051
189,46099,2026-03-21,matemato+5004,"Emperia+9282, lumpyprol+3206, Dramsss+3",5050
190,46004,2026-03-14,Ctfox+5431,"TheFourthJesse+9103, matemato+5004, sleepylabone+1003",5049
191,45300,2026-01-24,ShuShuBana+2889,"KFull+1226, NadtyLite+7330, Klishu+3272",5048
192,45209,2026-01-16,Rabbitwarlord+1983,"BaconBoy+9689, KFull+1226, Ctfox+5431",5048
193,45439,2026-02-05,ChippZamoose+906,"NadtyLite+7330, MrDrouf+3826, Schkitz+8222",5048
194,45489,2026-02-09,NadtyLite+7330,"Nefkano+8780, mkcy3+8006, ChippZamoose+906",5047
195,45082,2026-01-06,Led_Slash+3579,"Biggins96+3792, BaconBoy+9689, PokerFace126+7192",5045
196,45657,2026-02-19,cliuless+2304,"HobGungan+2914, FrancescoBr+4009, ShuShuBana+2889",5045
197,45624,2026-02-18,Nefkano+8780,"cjahwon+6865, FavorOfTheRabbits+9523, Bengal3+6710",5044
198,45882,2026-02-06,Led_Slash+3579,"AERotters+5277, 1coolguy+6294, MylesMoose+6850",5043
199,46100,2026-03-21,matemato+5004,"mouseinabox+992, deriokle+4319, cliuless+2304",5042
200,45884,2026-02-08,Led_Slash+3579,"Nefkano+8780, Klishu+3272, DarthPuniceus+9605",5042
201,45825,2026-03-05,DanzigMF+6351,"Schkitz+8222, NadtyLite+7330, Bapgo+7254",5041
202,45370,2026-01-31,LucianTheFak+3697,"Killerstorm17+3440, TheDolphinman+2630, HobGungan+2914",5041
203,45858,2026-01-13,Led_Slash+3579,"TonyDeloreanESQ+4756, Kmahussier+2186, Wriggleroom+4502",5040
204,46060,2026-03-18,Seiza+6137,"NadtyLite+7330, LucianTheFak+3697, cliuless+2304",5039
205,46103,2026-03-21,LutherStr+1358,"NadtyLite+7330, Nefkano+8780, LucianTheFak+3697",5039
206,46079,2026-03-20,TurkeyNoNo+9522,"Led_Slash+3579, mouseinabox+992, DawnDiVito+5802",5038
207,45545,2026-02-14,TurkeyNoNo+9522,"NadtyLite+7330, Lobster+5525, cliuless+2304",5037
208,45520,2026-02-12,Xar149+9374,"DemaRogue+7727, ImJustExisting+9170, Tolfan",5037
209,45973,2026-03-12,Tad604+8004,"cliuless+2304, KFull+1226, Banzai7000+1191",5037
210,45483,2026-02-09,Tricholome+4276,"Fearteiler+8050, fadingnovel+7335, Nefkano+8780",5036
211,45977,2026-03-12,cliuless+2304,"NadtyLite+7330, fadingnovel+7335, LucianTheFak+3697",5036
212,45327,2026-01-27,Pandapapst+8323,"BMPerJMPer+9145, FavorOfTheRabbits+9523, ReoWulf+5368",5034
213,45390,2026-02-01,ShuShuBana+2889,"DarthOblivius+1339, Aceosd+1686, matemato+5004",5034
214,46074,2026-03-19,Mossfusion+6189,"Kmahussier+2186, Ljazz7, Dramsss+3",5033
215,46026,2026-03-15,FavorOfTheRabbits+9523,"Piechu+7320, Nefkano+8780, DemaRogue+7727",5033
216,45141,2026-01-10,Killerstorm17+3440,"Tricholome+4276, Axolatal, Mindger+7576",5030
217,45891,2026-03-09,NadtyLite+7330,"fadingnovel+7335, cliuless+2304, LucianTheFak+3697",5030
218,46011,2026-03-15,Tricholome+4276,"Seiza+6137, Tolfan, Sharkskln+6071",5029
219,45851,2026-01-12,Led_Slash+3579,"RangerEpic+0, kaiser+8343, Tolfan",5028
220,46065,2026-03-18,Seiza+6137,"NadtyLite+7330, Wrestler+3756, Nefkano+8780",5027
221,45310,2026-01-26,kayajam+9348,"HobGungan+2914, ReoWulf+5368, Aceosd+1686",5026
222,45345,2026-01-29,Tricholome+4276,"secretpaths+8130, Led_Slash+3579, ellbelle+9011",5026
223,45400,2026-02-02,Pliskin+7357,"RFMerlo+6470, Tricholome+4276, Pandapapst+8323",5026
224,45975,2026-03-12,Led_Slash+3579,"LucianTheFak+3697, buurn+343, mouseinabox+992",5024
225,45463,2026-02-07,Nefkano+8780,"ShuShuBana+2889, HobGungan+2914, DawnDiVito+5802",5024
226,46067,2026-03-19,Seiza+6137,"DanzigMF+6351, KFull+1226, NadtyLite+7330",5023
227,45359,2026-01-30,Antiproject+7236,"swiftsusan+8662, TurkeyNoNo+9522, Odinius+897",5022
228,45990,2026-03-13,Youdge+8117,"Seiza+6137, Tricholome+4276, Bengal3+6710",5020
229,45486,2026-02-09,MrDrouf+3826,"kayajam+9348, HobGungan+2914, Cheesecake271+5205",5019
230,45604,2026-02-17,Nadav253+6419,"cringelordirl+3838, 1coolguy+6294, Peppy+6321",5019
231,45385,2026-02-01,Tricholome+4276,"Pliskin+7357, Pandapapst+8323, Lobster+5525",5019
232,45434,2026-02-05,pooge+6189,"Youdge+8117, Pandapapst+8323, Led_Slash+3579",5018
233,45986,2026-03-13,LHlegend+5313,"Nadav253+6419, nikkan+7933, Dramsss+3",5017
234,45970,2026-03-12,tofuwater+4853,"Rabbi+7, alevGO+2990, Tolfan",5017
235,45742,2026-02-25,Tricholome+4276,"Schkitz+8222, micherin+7972, Pandapapst+8323",5016
236,45588,2026-02-16,kayajam+9348,"Tricholome+4276, Pandapapst+8323, BaliHoo+3674",5016
237,45360,2026-01-30,Tad604+8004,"BaconBoy+9689, BMPerJMPer+9145, lumpyprol+3206",5015
238,45140,2026-01-10,BareGammon+82,"Killerstorm17+3440, Hiyoshi+2879, 100pctskillz+6186",5014
239,45269,2026-01-22,Pandapapst+8323,"Tricholome+4276, Schkitz+8222, buurn+343",5013
240,45435,2026-02-05,pooge+6189,"MrDrouf+3826, DarthPuniceus+9605, cringelordirl+3838",5013
241,45758,2026-02-27,Nefkano+8780,"Schkitz+8222, NadtyLite+7330, DarthPuniceus+9605",5013
242,45498,2026-02-10,kaiser+8343,"TonyDeloreanESQ+4756, AERotters+5277, BMPerJMPer+9145",5011
243,45391,2026-02-01,MrDrouf+3826,"bigcathedral+1133, BaconBoy+9689, kaiser+8343",5010
244,46049,2026-03-17,LucianTheFak+3697,"fadingnovel+7335, cringelordirl+3838, cliuless+2304",5010
245,46042,2026-03-17,Nefkano+8780,"Mossfusion+6189, cliuless+2304, PlagueCarrier+5718",5010
246,45956,2026-03-08,Led_Slash+3579,"cringelordirl+3838, Wubba+9310, Hurple+6007",5009
247,45627,2026-02-18,ShuShuBana+2889,"TonyDeloreanESQ+4756, Schkitz+8222, complexartichoke+1699",5006
248,45454,2026-02-06,"FakeSki+4232, Tricholome+4276","Rabbitwarlord+1983, Pliskin+7357",5005
249,45425,2026-02-04,dindane+250,"Led_Slash+3579, TheDolphinman+2630, TonyDeloreanESQ+4756",5004
250,45424,2026-02-04,TurkeyNoNo+9522,"Nefkano+8780, DarthOblivius+1339, pwarren8590+4047",5002
251,45930,2026-03-11,Intraceptor+5437,"ConeMan+3213, Tolfan, Cookies+3700",5000
252,45950,2026-03-02,Led_Slash+3579,"TheFourthJesse+9103, WyvernElement+1816, MylesMoose+6850",5000
253,45663,2026-02-20,tofuwater+4853,"FVMLion+1706, Led_Slash+3579, secretpaths+8130",4999
254,45358,2026-01-30,Antiproject+7236,"swiftsusan+8662, Odinius+897, TurkeyNoNo+9522",4998
255,45606,2026-02-17,TheFourthJesse+9103,"Rabbitwarlord+1983, Pandapapst+8323, BMPerJMPer+9145",4994
256,45895,2026-02-10,Led_Slash+3579,"Nefkano+8780, DarthOblivius+1339, Schkitz+8222",4993
257,46086,2026-03-20,Rabbitwarlord+1983,"Seiza+6137, NadtyLite+7330, Wrestler+3756",4993
258,45957,2026-03-11,Led_Slash+3579,"cringelordirl+3838, lumpyprol+3206, sparrowhawk+9374",4992
259,45981,2026-03-13,TonyDeloreanESQ+4756,"cliuless+2304, SMenefee+4066, Bitto+476",4992
260,46014,2026-03-15,NadtyLite+7330,"mkcy3+8006, Nefkano+8780, BjarkeHuse+2923",4991
261,46083,2026-03-20,Nefkano+8780,"Schkitz+8222, NadtyLite+7330, KargDemiau+7823",4990
262,45869,2026-01-30,Led_Slash+3579,"TheRedViper+1596, AERotters+5277, mouseinabox+992",4989
263,45848,2026-01-11,Led_Slash+3579,"DawnDiVito+5802, BaconBoy+9689, marksoz00+1780",4989
264,45484,2026-02-09,Bapgo+7254,"ninjacat536+1220, FrancescoBr+4009, DarthOblivius+1339",4988
265,45375,2026-01-31,MrDrouf+3826,"Klishu+3272, ReoWulf+5368, Led_Slash+3579",4986
266,45296,2026-01-24,DelSol+6479,"Led_Slash+3579, swiftsusan+8662, ellbelle+9011",4986
267,45437,2026-02-05,Pliskin+7357,"Tricholome+4276, TheFourthJesse+9103, radiantchaos+5523",4985
268,45223,2026-01-17,vinnie+746,"matemato+5004, FakeSki+4232, lumpyprol+3206",4985
269,45893,2026-02-10,Led_Slash+3579,"Tad604+8004, AERotters+5277, FakeSki+4232",4984
270,45478,2026-02-08,Kmahussier+2186,"Nefkano+8780, AERotters+5277, Pandapapst+8323",4984
271,45786,2026-01-07,Led_Slash+3579,"metalnooze+4817, pooge+6189, Podge0303+8578",4983
272,45576,2026-02-15,pooge+6189,"Odinius+897, AERotters+5277, Tricholome+4276",4981
273,45196,2026-01-15,ChippZamoose+906,"MrDrouf+3826, matemato+5004, Hydro033+5014",4981
274,45092,2026-01-07,Killerstorm17+3440,"Podge0303+8578, Peppy+6321, KuperMeister+8518",4981
275,45490,2026-02-09,pwarren8590+4047,"NadtyLite+7330, AERotters+5277, Excitedteapot+2857",4980
276,45536,2026-02-13,mouseinabox+992,"Piechu+7320, Tolfan, Cookies+3700",4980
277,45431,2026-02-05,Cookies+3700,"Tolfan, tunnndz+4270, Sharkskln+6071",4980
278,45593,2026-02-16,matemato+5004,"cringelordirl+3838, buurn+343, ShuShuBana+2889",4978
279,45376,2026-01-31,ChippZamoose+906,"MrDrouf+3826, Elijah+6615, Sjepeal+9206",4977
280,45560,2026-02-15,Pandapapst+8323,"Led_Slash+3579, Odinius+897, Krooter+8646",4977
281,45836,2026-03-06,Dramsss+3,"matemato+5004, Seiza+6137, Mossfusion+6189",4977
282,45590,2026-02-16,DanzigMF+6351,"kayajam+9348, TonyDeloreanESQ+4756, matemato+5004",4977
283,45540,2026-02-13,Pandapapst+8323,"TheDolphinman+2630, Wriggleroom+4502, Tricholome+4276",4977
284,45339,2026-01-28,Mouseman+7870,"Aceosd+1686, Antiproject+7236, Peppy+6321",4975
285,46015,2026-03-15,Nadav253+6419,"Cuagodking+3670, LHlegend+5313, Dramsss+3",4973
286,45258,2026-01-21,kaiser+8343,"BaconBoy+9689, Cookies+3700, mouseinabox+992",4972
287,45734,2026-02-25,RFMerlo+6470,"TheFourthJesse+9103, Tad604+8004, ChippZamoose+906",4972
288,45912,2026-02-15,Led_Slash+3579,"Pandapapst+8323, radiantchaos+5523, DawnDiVito+5802",4970
289,45430,2026-02-04,Nefkano+8780,"AERotters+5277, WyvernElement+1816, MrDrouf+3826",4970
290,45505,2026-02-10,kayajam+9348,"TonyDeloreanESQ+4756, WyvernElement+1816, BaconBoy+9689",4970
291,45673,2026-02-21,Tricholome+4276,"kaiser+8343, TonyDeloreanESQ+4756, Bengal3+6710",4969
292,45543,2026-02-14,kaiser+8343,"cliuless+2304, TheDolphinman+2630, LucianTheFak+3697",4968
293,45461,2026-02-07,TimidTailwind+2597,"ImJustExisting+9170, mouseinabox+992, Tolfan",4967
294,45861,2026-01-26,Led_Slash+3579,"Tricholome+4276, DawnDiVito+5802, FrancescoBr+4009",4967
295,45658,2026-02-20,Xar149+9374,"BaconBoy+9689, mkcy3+8006, mouseinabox+992",4967
296,45078,2026-01-07,AxlPrototype+5016,"BareGammon+82, 100pctskillz+6186, MrDrouf+3826",4964
297,45538,2026-02-13,cringelordirl+3838,"Karcher+6280, KFull+1226, Soluna+2127",4963
298,45235,2026-01-03,Led_Slash+3579,"GameProfit+8226, bootle+7207, mouseinabox+992",4962
299,45947,2026-02-27,Led_Slash+3579,"Schkitz+8222, DrCheeseFiend+3515, Banzai7000+1191",4962
300,45929,2026-03-11,LutherStr+1358,"fadingnovel+7335, LucianTheFak+3697, NadtyLite+7330",4962
301,45668,2026-02-21,Tolfan,"Dramsss+3, mishaelh1+6045, Kmahussier+2186",4961
302,45090,2026-01-07,AxlPrototype+5016,"brrrlinguist+929, BareGammon+82, 100pctskillz+6186",4961
303,45423,2026-02-04,ShuShuBana+2889,"LucianTheFak+3697, Hydro033+5014, LutherStr+1358",4961
304,45998,2026-03-14,DarthPuniceus+9605,"mouseinabox+992, LucianTheFak+3697, LutherStr+1358",4961
305,45074,2026-01-06,BareGammon+82,"ermactually+9395, 100pctskillz+6186, time2orush+2871",4960
306,46080,2026-03-20,cliuless+2304,"NadtyLite+7330, Fearteiler+8050, LucianTheFak+3697",4959
307,45395,2026-02-02,cringelordirl+3838,"TheFourthJesse+9103, FakeSki+4232, ShuShuBana+2889",4959
308,45548,2026-02-14,kaiser+8343,"Hadjiya+4475, Tad604+8004, TimidTailwind+2597",4958
309,45564,2026-02-15,BMPerJMPer+9145,"kaiser+8343, tunnndz+4270, Lex25+415",4958
310,45964,2026-03-12,cliuless+2304,"LucianTheFak+3697, TheFourthJesse+9103, DanzigMF+6351",4956
311,45035,2026-01-03,BareGammon+82,"time2orush+2871, Killerstorm17+3440, 100pctskillz+6186",4956
312,46058,2026-03-18,Schkitz+8222,"NadtyLite+7330, LucianTheFak+3697, DanzigMF+6351",4955
313,45974,2026-03-12,Nefkano+8780,"Schkitz+8222, Piechu+7320, NadtyLite+7330",4955
314,45104,2026-01-08,buurn+343,"kayajam+9348, cliuless+2304, BaliHoo+3674",4955
315,45707,2026-02-23,DarthPuniceus+9605,"Schkitz+8222, cjahwon+6865, TurkeyNoNo+9522",4954
316,45937,2026-02-21,Led_Slash+3579,"WyvernElement+1816, mouseinabox+992, AERotters+5277",4950
317,45527,2026-02-12,cliuless+2304,"ShuShuBana+2889, fadingnovel+7335, LutherStr+1358",4948
318,45724,2026-02-24,tjudge+8299,"mkcy3+8006, NaySmith+3702, Tolfan",4948
319,46090,2026-03-20,Seiza+6137,"CptAlex+2928, NadtyLite+7330, Emperia+9282",4947
320,45146,2026-01-11,doejurko+3088,"Klishu+3272, matemato+5004, cliuless+2304",4947
321,45939,2026-03-01,Led_Slash+3579,"TonyDeloreanESQ+4756, Schkitz+8222, ReoWulf+5368",4946
322,45549,2026-02-14,ShuShuBana+2889,"Wriggleroom+4502, Furry0329+6442, NadtyLite+7330",4946
323,45263,2026-01-21,swiftsusan+8662,"Hiyoshi+2879, DelSol+6479, ChippZamoose+906",4945
324,45785,2026-01-06,Led_Slash+3579,"Mouseman+7870, lumpyprol+3206, Plush2+8334",4945
325,46050,2026-03-17,Nadav253+6419,"Darkwonderer+1035, BadScra+3199, Piechu+7320",4945
326,45279,2026-01-23,Silver+6850,"Wrestler+3756, Tricholome+4276, BoMa85+9812",4944
327,45960,2026-03-11,tjudge+8299,"Cuagodking+3670, sleepylabone+1003, tofuwater+4853",4942
328,46092,2026-03-21,tofuwater+4853,"Munchking+5998, kaiser+8343, CowOnAPlane+3405",4942
329,45872,2026-02-02,Led_Slash+3579,"ImJustExisting+9170, Komasan+7739, mouseinabox+992",4941
330,45356,2026-01-30,ChippZamoose+906,"NadtyLite+7330, Schkitz+8222, cliuless+2304",4940
331,45733,2026-02-24,KFull+1226,"Pandapapst+8323, Piechu+7320, TonyDeloreanESQ+4756",4940
332,45232,2026-01-18,BMPerJMPer+9145,"MrDrouf+3826, lumpyprol+3206, BuliBaka+6658",4940
333,45769,2026-02-28,tjudge+8299,"NattyKash+316, ImJustExisting+9170, DemaRogue+7727",4939
334,45217,2026-01-17,PokerFace126+7192,"BaconBoy+9689, Perdita+9449, Acelet",4937
335,45230,2026-01-18,TheDolphinman+2630,"MrDrouf+3826, buurn+343, ChippZamoose+906",4936
336,45763,2026-02-27,Nefkano+8780,"AERotters+5277, LucianTheFak+3697, Klishu+3272",4936
337,45993,2026-03-13,swiftsusan+8662,"1coolguy+6294, buurn+343, Pandapapst+8323",4935
338,45045,2026-01-04,ChippZamoose+906,"pooge+6189, Led_Slash+3579, TurkeyNoNo+9522",4935
339,46063,2026-03-18,PlagueCarrier+5718,"Valzaan+3564, Seiza+6137, Nefkano+8780",4935
340,46005,2026-03-14,BadScra+3199,"DemaRogue+7727, Emperia+9282, nikkan+7933",4934
341,45154,2026-01-11,Silver+6850,"Mati92+4633, 100pctskillz+6186, HobGungan+2914",4933
342,45027,2026-01-02,Silver+6850,"sedlak87+8418, Peppy+6321, cliuless+2304",4931
343,45784,2026-03-02,Tolfan,"BaconBoy+9689, DemaRogue+7727, GamerTower+410",4929
344,45744,2026-02-25,Pandapapst+8323,"BMPerJMPer+9145, HobGungan+2914, Nefkano+8780",4929
345,45805,2026-03-03,"LucianTheFak+3697, cliuless+2304","fadingnovel+7335, DanzigMF+6351",4928
346,45491,2026-02-09,Excitedteapot+2857,"buurn+343, Odinius+897, ShuShuBana+2889",4927
347,45860,2026-01-14,Led_Slash+3579,"Wriggleroom+4502, mouseinabox+992, HobGungan+2914",4927
348,45261,2026-01-21,TurkeyNoNo+9522,"swiftsusan+8662, Antiproject+7236, Odinius+897",4927
349,45053,2026-01-05,cliuless+2304,"ToasterTrash+8502, Led_Slash+3579, weirdone+8473",4927
350,45086,2026-01-07,BMPerJMPer+9145,"cliuless+2304, Hydro033+5014, fadingnovel+7335",4926
351,45287,2026-01-23,Mouseman+7870,"Rabbitwarlord+1983, mouseinabox+992, FakeSki+4232",4926
352,45224,2026-01-17,cliuless+2304,"fadingnovel+7335, FavorOfTheRabbits+9523, KFull+1226",4926
353,45107,2026-01-08,VanKaiserman+5269,"MrDrouf+3826, cliuless+2304, ToasterTrash+8502",4926
354,45207,2026-01-16,ChippZamoose+906,"FakeSki+4232, HobGungan+2914, benssoon+802",4925
355,45905,2026-03-10,TonyDeloreanESQ+4756,"Schkitz+8222, DemaRogue+7727, Nefkano+8780",4923
356,45691,2026-02-22,NadtyLite+7330,"pooge+6189, Ironic+3891, IndifferentFish+2547",4923
357,45438,2026-02-05,Excitedteapot+2857,"MrDrouf+3826, Nefkano+8780, HobGungan+2914",4923
358,45581,2026-02-16,Schkitz+8222,"VanKaiserman+5269, matemato+5004, Gagneto+8499",4923
359,45868,2026-01-29,Led_Slash+3579,"AERotters+5277, DrCheeseFiend+3515, Odinius+897",4922
360,45456,2026-02-06,Tricholome+4276,"LucianTheFak+3697, DarthOblivius+1339, Led_Slash+3579",4922
361,46105,2026-03-22,tofuwater+4853,"udon66+6395, aelisheneithlon+4087, Munchking+5998",4921
362,45413,2026-02-03,bootle+7207,"Jboooooooooooooooooooom+4776, Tolfan, Gaborever+8187",4921
363,45580,2026-02-16,kaiser+8343,"Sebby+9924, Piechu+7320, Schkitz+8222",4921
364,45819,2026-03-05,Pandapapst+8323,"MrDrouf+3826, Klishu+3272, TurkeyNoNo+9522",4920
365,45173,2026-01-13,kayajam+9348,"darkcat+794, TheWiseFox+8428, MrDrouf+3826",4919
366,45770,2026-02-28,DemaRogue+7727,"NattyKash+316, BaconBoy+9689, Tolfan",4919
367,45921,2026-03-10,Nefkano+8780,"PlagueCarrier+5718, Schkitz+8222, Dramsss+3",4918
368,45363,2026-01-30,Tad604+8004,"Peppy+6321, Mcauthor+181, DarthPuniceus+9605",4916
369,45445,2026-02-05,NadtyLite+7330,"Fearteiler+8050, KFull+1226, DarthOblivius+1339",4915
370,45470,2026-02-08,AERotters+5277,"ChippZamoose+906, ChusGG+6807, voltigeur+3314",4914
371,45055,2026-01-05,Wrestler+3756,"cliuless+2304, fadingnovel+7335, NadtyLite+7330",4914
372,45796,2026-03-03,Led_Slash+3579,"micherin+7972, buurn+343, Schkitz+8222",4913
373,45342,2026-01-29,KFull+1226,"mouseinabox+992, MrDrouf+3826, Podge0303+8578",4911
374,45298,2026-01-24,ChippZamoose+906,"Wrestler+3756, BaconBoy+9689, Doordecat+1475",4910
375,46018,2026-03-15,Emperia+9282,"HungryJeff+6786, Schkitz+8222, BadScra+3199",4910
376,45412,2026-02-03,bootle+7207,"BMPerJMPer+9145, Tricholome+4276, HobGungan+2914",4910
377,45635,2026-02-19,Schkitz+8222,"Nefkano+8780, Piechu+7320, benssoon+802",4910
378,45945,2026-02-25,Led_Slash+3579,"DawnDiVito+5802, FrancescoBr+4009, BaliHoo+3674",4909
379,45602,2026-02-17,Xar149+9374,"BaconBoy+9689, Hadjiya+4475, Sebby+9924",4909
380,45247,2026-01-20,TurkeyNoNo+9522,"buurn+343, NadtyLite+7330, VanKaiserman+5269",4909
381,45289,2026-01-23,ReoWulf+5368,"ellbelle+9011, FVMLion+1706, MrDrouf+3826",4908
382,46072,2026-03-19,Tolfan,"alevGO+2990, BaliHoo+3674, tofuwater+4853",4908
383,45838,2026-03-06,Nefkano+8780,"TurkeyNoNo+9522, Excitedteapot+2857, PlagueCarrier+5718",4908
384,45112,2026-01-09,Killerstorm17+3440,"metalnooze+4817, DawnDiVito+5802, Pliskin+7357",4907
385,45715,2026-02-24,ShuShuBana+2889,"TurkeyNoNo+9522, sparrowhawk+9374, DawnDiVito+5802",4907
386,45558,2026-02-15,Xar149+9374,"Hadjiya+4475, DemaRogue+7727, Sebby+9924",4907
387,45559,2026-02-15,Xar149+9374,"Hadjiya+4475, DemaRogue+7727, Sebby+9924",4907
388,45181,2026-01-14,Nadav253+6419,"MrDrouf+3826, uwtron+573, pashatherussian+5688",4907
389,45058,2026-01-05,ChippZamoose+906,"VanKaiserman+5269, Youdge+8117, Alexispc+6921",4906
390,45396,2026-02-02,kaiser+8343,"lumpyprol+3206, MylesMoose+6850, AERotters+5277",4906
391,45963,2026-03-12,micherin+7972,"Wrestler+3756, kaiser+8343, cliuless+2304",4905
392,45680,2026-02-21,Schkitz+8222,"mkcy3+8006, Nefkano+8780, DanzigMF+6351",4904
393,45139,2026-01-10,doejurko+3088,"cliuless+2304, TonyDeloreanESQ+4756, voltigeur+3314",4903
394,46057,2026-03-18,Schkitz+8222,"NadtyLite+7330, Mossfusion+6189, Wrestler+3756",4903
395,45120,2026-01-09,Nadav253+6419,"kaiser+8343, Shadyferret+9636, PokerFace126+7192",4902
396,45772,2026-03-01,kaiser+8343,"Dramsss+3, Banzai7000+1191, DemaRogue+7727",4902
397,45031,2026-01-03,TheDolphinman+2630,"Led_Slash+3579, ImEpy+9148, AxlPrototype+5016",4901
398,45012,2026-01-01,time2orush+2871,"LHlegend+5313, 100pctskillz+6186, byzeke+7830",4901
399,45638,2026-02-19,cliuless+2304,"NadtyLite+7330, matemato+5004, Klishu+3272",4901
400,45013,2026-01-01,Antiproject+7236,"cliuless+2304, NadtyLite+7330, MrDrouf+3826",4901
401,46006,2026-03-14,cringelordirl+3838,"Pandapapst+8323, Hadjiya+4475, matemato+5004",4900
402,45534,2026-02-13,Wriggleroom+4502,"secretpaths+8130, Pandapapst+8323, kayajam+9348",4900
403,45222,2026-01-17,kayajam+9348,"Aceosd+1686, Wrestler+3756, DarthPuniceus+9605",4899
404,45285,2026-01-23,Perdita+9449,"BareGammon+82, KuperMeister+8518, LucianTheFak+3697",4899
405,45924,2026-03-10,AERotters+5277,"Tricholome+4276, mouseinabox+992, MylesMoose+6850",4897
406,45036,2026-01-03,MrDrouf+3826,"Mohammad+8142, Mati92+4633, pashatherussian+5688",4897
407,45467,2026-02-08,ShuShuBana+2889,"HobGungan+2914, marksoz00+1780, TonyDeloreanESQ+4756",4897
408,45051,2026-01-04,uwtron+573,"marksoz00+1780, MrDrouf+3826, Oppapi+9478",4896
409,45728,2026-02-24,KFull+1226,"RexCow+93848049, radiantchaos+5523, cringelordirl+3838",4894
410,45184,2026-01-02,Led_Slash+3579,"Tricholome+4276, ToasterTrash+8502, lumpyprol+3206",4894
411,45941,2026-02-22,Led_Slash+3579,"DawnDiVito+5802, Pi314+6815, ReoWulf+5368",4894
412,45288,2026-01-23,Pandapapst+8323,"mouseinabox+992, AERotters+5277, Gagneto+8499",4893
413,45432,2026-02-05,KFull+1226,"Elijah+6615, Gagneto+8499, MylesMoose+6850",4893
414,45600,2026-02-17,Xar149+9374,"BaconBoy+9689, Hadjiya+4475, Sebby+9924",4892
415,45194,2026-01-15,KFull+1226,"uwtron+573, marksoz00+1780, fadingnovel+7335",4892
416,46104,2026-03-21,Kmahussier+2186,"BaconBoy+9689, Ptitmxz+6986, DemaRogue+7727",4891
417,45690,2026-02-22,complexartichoke+1699,"matemato+5004, TonyDeloreanESQ+4756, PsychologicalBox+5812",4890
418,45982,2026-03-13,tofuwater+4853,"HungryJeff+6786, udon66+6395, Gaborever+8187",4890
419,45239,2026-01-18,matemato+5004,"Peppy+6321, mouseinabox+992, Pandapapst+8323",4890
420,46023,2026-03-15,Dramsss+3,"ChippZamoose+906, Valzaan+3564, sleepylabone+1003",4889
421,46007,2026-03-14,BadScra+3199,"Emperia+9282, nikkan+7933, Lynxtek+4186",4889
422,45933,2026-03-11,Tricholome+4276,"re_al_+5392, NadtyLite+7330, cringelordirl+3838",4889
423,45626,2026-02-18,ShuShuBana+2889,"Krooter+8646, Wriggleroom+4502, BMPerJMPer+9145",4888
424,45401,2026-02-02,BMPerJMPer+9145,"HobGungan+2914, Nefkano+8780, Wubba+9310",4888
425,45276,2026-01-23,Schkitz+8222,"cliuless+2304, AERotters+5277, OUSlaughter+3653",4888
426,45155,2026-01-12,uwtron+573,"Tolfan, Oppapi+9478, MrDrouf+3826",4886
427,45157,2026-01-12,Pliskin+7357,"benssoon+802, Tad604+8004, FakeSki+4232",4886
428,45158,2026-01-12,doejurko+3088,"NadtyLite+7330, Tad604+8004, cringelordirl+3838",4885
429,45225,2026-01-17,doejurko+3088,"fadingnovel+7335, Oppapi+9478, DarthOblivius+1339",4885
430,45633,2026-02-19,kayajam+9348,"TempExtremal+1625, LucianTheFak+3697, cjahwon+6865",4885
431,45653,2026-02-19,MrDrouf+3826,"ReoWulf+5368, Baradhas+8593, Tolfan",4883
432,45532,2026-02-13,cliuless+2304,"EdacM+9189, Gregoola+1424, Nefkano+8780",4883
433,45102,2026-01-08,Silver+6850,"tippop+7531, Tricholome+4276, Mati92+4633",4882
434,45596,2026-02-16,cliuless+2304,"LucianTheFak+3697, LutherStr+1358, Nefkano+8780",4881
435,45603,2026-02-17,Nadav253+6419,"TempExtremal+1625, BjarkeHuse+2923, Lex25+415",4880
436,45904,2026-03-10,LucianTheFak+3697,"LutherStr+1358, NadtyLite+7330, mkcy3+8006",4880
437,45850,2026-01-11,Led_Slash+3579,"cliuless+2304, NadtyLite+7330, Lambo+7524",4879
438,45697,2026-02-22,NadtyLite+7330,"FrancescoBr+4009, benssoon+802, cliuless+2304",4879
439,46009,2026-03-15,Cookies+3700,"Emperia+9282, DemaRogue+7727, Valzaan+3564",4877
440,45063,2026-01-05,Mouseman+7870,"Peppy+6321, KFull+1226, Bapgo+7254",4877
441,45189,2026-01-15,Pliskin+7357,"Antiproject+7236, DarthOblivius+1339, MylesMoose+6850",4877
442,45208,2026-01-16,MrDrouf+3826,"Bapgo+7254, McMayo+5829, MylesMoose+6850",4877
443,45814,2026-03-04,Bitto+476,"buurn+343, Nefkano+8780, NadtyLite+7330",4876
444,45407,2026-02-02,kayajam+9348,"DawnDiVito+5802, AERotters+5277, lumpyprol+3206",4876
445,45021,2026-01-02,fadingnovel+7335,"Wrestler+3756, cliuless+2304, DelSol+6479",4876
446,45268,2026-01-22,kayajam+9348,"Doordecat+1475, Aceosd+1686, NadtyLite+7330",4876
447,45983,2026-03-13,Tad604+8004,"1coolguy+6294, BaconBoy+9689, HungryJeff+6786",4875
448,45195,2026-01-15,KFull+1226,"NadtyLite+7330, TonyDeloreanESQ+4756, lumpyprol+3206",4874
449,45994,2026-03-14,BadScra+3199,"Tolfan, Valzaan+3564, DemaRogue+7727",4874
450,45163,2026-01-12,matemato+5004,"Perdita+9449, buurn+343, Oppapi+9478",4873
451,45721,2026-02-24,LucianTheFak+3697,"FavorOfTheRabbits+9523, LutherStr+1358, NadtyLite+7330",4873
452,45159,2026-01-12,Kmahussier+2186,"ninjacat536+1220, AERotters+5277, Schkitz+8222",4873
453,45449,2026-02-06,Nefkano+8780,"clp10033+4124, Schkitz+8222, NadtyLite+7330",4873
454,45278,2026-01-23,BareGammon+82,"tunnndz+4270, ellbelle+9011, Acelet",4872
455,45862,2026-01-27,Led_Slash+3579,"shurgs+6277, RangerEpic+0, mouseinabox+992",4872
456,45121,2026-01-09,Peppy+6321,"DarthPuniceus+9605, Blank+7029, buurn+343",4872
457,45354,2026-01-30,Schkitz+8222,"WyvernElement+1816, NadtyLite+7330, ReoWulf+5368",4871
458,45167,2026-01-13,kayajam+9348,"HobGungan+2914, Pandapapst+8323, bootle+7207",4871
459,45793,2026-03-03,Wrestler+3756,"Seiza+6137, Pandapapst+8323, matemato+5004",4871
460,45233,2026-01-18,Killerstorm17+3440,"Biggins96+3792, TheDolphinman+2630, hanban+3911",4870
461,45404,2026-02-02,Lobster+5525,"AERotters+5277, Elijah+6615, Tricholome+4276",4869
462,45827,2026-03-05,LHlegend+5313,"DemaRogue+7727, ChippZamoose+906, Hadjiya+4475",4868
463,45198,2026-01-15,1coolguy+6294,"cringelordirl+3838, Pliskin+7357, Tad604+8004",4867
464,45727,2026-02-24,ChippZamoose+906,"Pandapapst+8323, Wrestler+3756, sparrowhawk+9374",4867
465,45044,2026-01-03,Silver+6850,"Klishu+3272, BuliBaka+6658, Mindger+7576",4866
466,45806,2026-03-03,cliuless+2304,"NadtyLite+7330, Piechu+7320, LucianTheFak+3697",4866
467,45500,2026-02-10,Wriggleroom+4502,"Tad604+8004, lumpyprol+3206, Led_Slash+3579",4865
468,45852,2026-01-13,Led_Slash+3579,"Wriggleroom+4502, KFull+1226, Podge0303+8578",4865
469,46106,2026-03-22,IMPERATOR+2570,"Valzaan+3564, CowOnAPlane+3405, Tolfan",4864
470,45067,2026-01-06,darkcat+794,"cliuless+2304, Wriggleroom+4502, kayajam+9348",4863
471,45546,2026-02-14,Nefkano+8780,"Schkitz+8222, Hadjiya+4475, BaconBoy+9689",4863
472,45271,2026-01-22,MrDrouf+3826,"FVMLion+1706, RexCow+93848049, uwtron+573",4863
473,45179,2026-01-01,Led_Slash+3579,"HobGungan+2914, darkcat+794, radiantchaos+5523",4860
474,45034,2026-01-03,Bapgo+7254,"evancomposer+2898, BaconBoy+9689, TurkeyNoNo+9522",4860
475,46085,2026-03-20,Sirius+9323,"BadScra+3199, tjudge+8299, hauntedpebbles2+8720",4860
476,45366,2026-01-31,pwarren8590+4047,"LucianTheFak+3697, KFull+1226, radiantchaos+5523",4860
477,45136,2026-01-10,Killerstorm17+3440,"Dizzz+246, TheDolphinman+2630, Tolfan",4859
478,45605,2026-02-17,Pandapapst+8323,"Piechu+7320, Tricholome+4276, DemaRogue+7727",4859
479,46078,2026-03-20,mouseinabox+992,"AERotters+5277, Intraceptor+5437, TheSillyBilly+6135",4859
480,45398,2026-02-02,swiftsusan+8662,"buurn+343, Tad604+8004, cringelordirl+3838",4858
481,45458,2026-02-07,Tolfan,"BaconBoy+9689, tunnndz+4270, mouseinabox+992",4858
482,45048,2026-01-04,pooge+6189,"Hydro033+5014, DarthOblivius+1339, kayajam+9348",4858
483,45340,2026-01-28,fadingnovel+7335,"NadtyLite+7330, Doordecat+1475, TurkeyNoNo+9522",4858
484,45553,2026-02-14,Nefkano+8780,"RFMerlo+6470, KyloBot+6508, Marcus+9032",4858
485,45402,2026-02-02,matemato+5004,"BoMa85+9812, Schkitz+8222, buurn+343",4858
486,46082,2026-03-20,Tricholome+4276,"lumpyprol+3206, Dramsss+3, DarthOblivius+1339",4858
487,45441,2026-02-05,Schkitz+8222,"MylesMoose+6850, Nefkano+8780, NadtyLite+7330",4857
488,45297,2026-01-24,ShuShuBana+2889,"Hydro033+5014, LutherStr+1358, LucianTheFak+3697",4857
489,45418,2026-02-03,tippop+7531,"Peppy+6321, BaconBoy+9689, benssoon+802",4856
490,45762,2026-02-27,Schkitz+8222,"WyvernElement+1816, Kmahussier+2186, Tad604+8004",4856
491,45552,2026-02-14,lazarus210,"DemaRogue+7727, tjudge+8299, Piechu+7320",4856
492,45125,2026-01-09,kayajam+9348,"Klishu+3272, darkcat+794, Napalminthebirdsong+5528",4856
493,45472,2026-02-08,ninjacat536+1220,"Kmahussier+2186, HobGungan+2914, TempExtremal+1625",4856
494,45875,2026-03-09,Nefkano+8780,"AERotters+5277, DemaRogue+7727, buurn+343",4855
495,45471,2026-02-08,Tricholome+4276,"HobGungan+2914, Pandapapst+8323, benssoon+802",4855
496,45529,2026-02-12,Antiproject+7236,"LucianTheFak+3697, NadtyLite+7330, Krooter+8646",4855
497,45305,2026-01-25,MrDrouf+3826,"NadtyLite+7330, Lobster+5525, ReoWulf+5368",4855
498,45503,2026-02-10,FrancescoBr+4009,"RFMerlo+6470, HobGungan+2914, Nefkano+8780",4855
499,45417,2026-02-03,DarthPuniceus+9605,"LucianTheFak+3697, LutherStr+1358, matemato+5004",4855
500,45316,2026-01-27,"FVMLion+1706, ImJustExisting+9170","RangerEpic+0, FrancescoBr+4009",4854
501,45920,2026-03-10,cliuless+2304,"DemaRogue+7727, AERotters+5277, Odinius+897",4853
502,45477,2026-02-08,Tolfan,"Hurple+6007, mishaelh1+6045, vanillapoppy+9303",4853
503,45774,2026-03-01,LutherStr+1358,"fadingnovel+7335, Piechu+7320, kaiser+8343",4853
504,45501,2026-02-10,cringelordirl+3838,"Peppy+6321, MylesMoose+6850, Pliskin+7357",4852
505,46056,2026-03-18,DanzigMF+6351,"Gagneto+8499, cliuless+2304, LucianTheFak+3697",4851
506,45655,2026-02-19,Tolfan,"FrancescoBr+4009, Hadjiya+4475, LHlegend+5313",4850
507,45433,2026-02-05,KFull+1226,"DrCheeseFiend+3515, Soluna+2127, Doordecat+1475",4850
508,46041,2026-03-17,Mossfusion+6189,"Blank+7029, pooge+6189, Lante+1268",4849
509,45218,2026-01-17,KFull+1226,"Youdge+8117, StatzoryTheMad+7951, Jasiuńcio+3892",4849
510,45240,2026-01-19,HobGungan+2914,"ChippZamoose+906, TonyDeloreanESQ+4756, cliuless+2304",4847
511,45788,2026-03-02,matemato+5004,"Dramsss+3, TonyDeloreanESQ+4756, 1coolguy+6294",4846
512,45148,2026-01-11,BMPerJMPer+9145,"pooge+6189, Pandapapst+8323, Wriggleroom+4502",4846
513,45392,2026-02-01,TheDolphinman+2630,"Pandapapst+8323, Wubba+9310, HobGungan+2914",4846
514,45855,2026-03-07,NadtyLite+7330,"Wubba+9310, DemaRogue+7727, cringelordirl+3838",4846
515,45175,2026-01-14,Cookies+3700,"uwtron+573, mouseinabox+992, Oppapi+9478",4846
516,45368,2026-01-31,ChippZamoose+906,"Cloudere+8085, StoneOfShame+5048, Gagneto+8499",4846
517,45115,2026-01-09,lumpyprol+3206,"NadtyLite+7330, FakeSki+4232, kaiser+8343",4845
518,45312,2026-01-26,DarthPuniceus+9605,"Kmahussier+2186, darkcat+794, Awesem+1966",4845
519,45650,2026-02-19,FrancescoBr+4009,"Tolfan, Baradhas+8593, buurn+343",4844
520,45883,2026-02-07,Led_Slash+3579,"cringelordirl+3838, TonyDeloreanESQ+4756, Harriet+1445",4844
521,45946,2026-02-27,Led_Slash+3579,"TonyDeloreanESQ+4756, Wriggleroom+4502, Gaborever+8187",4843
522,45049,2026-01-04,BMPerJMPer+9145,"bootle+7207, Pandapapst+8323, Led_Slash+3579",4843
523,45450,2026-02-06,BaconBoy+9689,"kaiser+8343, tunnndz+4270, Gaborever+8187",4842
524,45250,2026-01-20,kayajam+9348,"Olymp+9823, Podge0303+8578, HobGungan+2914",4842
525,45859,2026-03-08,mouseinabox+992,"Piechu+7320, Tolfan, DemaRogue+7727",4842
526,45087,2026-01-07,Killerstorm17+3440,"hanban+3911, TAKSpx+9156, TimidTailwind+2597",4841
527,45088,2026-01-07,Killerstorm17+3440,"hanban+3911, TAKSpx+9156, TimidTailwind+2597",4841
528,46002,2026-03-14,DemaRogue+7727,"Emperia+9282, Hurple+6007, nikkan+7933",4841
529,45244,2026-01-19,NadtyLite+7330,"ShuShuBana+2889, Hydro033+5014, Schkitz+8222",4839
530,45809,2026-03-04,cliuless+2304,"NadtyLite+7330, LutherStr+1358, re_al_+5392",4839
531,45828,2026-03-05,Kmahussier+2186,"Pandapapst+8323, Munchking+5998, 1coolguy+6294",4838
532,45397,2026-02-02,swiftsusan+8662,"cringelordirl+3838, Tad604+8004, buurn+343",4838
533,45844,2026-03-07,DarthPuniceus+9605,"Mossfusion+6189, TurkeyNoNo+9522, BaliHoo+3674",4837
534,45898,2026-02-12,Led_Slash+3579,"lumpyprol+3206, PlagueCarrier+5718, EdacM+9189",4837
535,46084,2026-03-20,Ctfox+5431,"DarthOblivius+1339, Dramsss+3, Wrestler+3756",4837
536,45138,2026-01-10,TimidTailwind+2597,"BareGammon+82, FausDav+5901, Nadav253+6419",4837
537,45808,2026-03-04,cliuless+2304,"cjahwon+6865, Tolfan, micherin+7972",4836
538,45829,2026-03-05,matemato+5004,"BaconBoy+9689, WyvernElement+1816, TurkeyNoNo+9522",4835
539,45101,2026-01-08,time2orush+2871,"Shuuhey+6535, TheDolphinman+2630, hanban+3911",4834
540,45787,2026-01-10,Led_Slash+3579,"NadtyLite+7330, TheIndustrialRevoloution+3880, marksoz00+1780",4834
541,45038,2026-01-03,MrDrouf+3826,"Aleph+9548, uwtron+573, Bodnamax+6783",4834
542,45264,2026-01-21,Wrestler+3756,"DarthPuniceus+9605, TheIndustrialRevoloution+3880, Led_Slash+3579",4834
543,45881,2026-03-09,DemaRogue+7727,"Munchking+5998, cringelordirl+3838, Tolfan",4833
544,45137,2026-01-10,Pandapapst+8323,"Lante+1268, MrDrouf+3826, pooge+6189",4833
545,45880,2026-03-09,NadtyLite+7330,"Wriggleroom+4502, Ptitmxz+6986, cliuless+2304",4832
546,45304,2026-01-25,Jasiuńcio+3892,"Kmahussier+2186, AERotters+5277, radiantchaos+5523",4831
547,45059,2026-01-05,brrrlinguist+929,"KuperMeister+8518, Oppapi+9478, MrDrouf+3826",4831
548,45282,2026-01-23,matemato+5004,"Wrestler+3756, BaliHoo+3674, radiantchaos+5523",4831
549,45324,2026-01-27,TheDolphinman+2630,"Cloudere+8085, tjudge+8299, Raineweather05+2319",4830
550,45103,2026-01-08,buurn+343,"Hurple+6007, 100pctskillz+6186, time2orush+2871",4829
551,45714,2026-02-24,Kmahussier+2186,"NadtyLite+7330, tunnndz+4270, Schkitz+8222",4828
552,45192,2026-01-15,KFull+1226,"uwtron+573, buurn+343, radiantchaos+5523",4828
553,45834,2026-03-06,Tricholome+4276,"Pandapapst+8323, Wriggleroom+4502, Sharkskln+6071",4828
554,45256,2026-01-20,1coolguy+6294,"KargDemiau+7823, Perdita+9449, TheDolphinman+2630",4826
555,45927,2026-02-17,Led_Slash+3579,"ReoWulf+5368, Podge0303+8578, Aceosd+1686",4826
556,45537,2026-02-13,Schkitz+8222,"cliuless+2304, NadtyLite+7330, DanzigMF+6351",4826
557,45032,2026-01-03,time2orush+2871,"Sebby+9924, Schkitz+8222, Biggins96+3792",4825
558,45380,2026-02-01,AERotters+5277,"ReoWulf+5368, buurn+343, Pandapapst+8323",4824
559,45128,2026-01-09,matemato+5004,"DawnDiVito+5802, GlisteningGeetus+4225, TheIndustrialRevoloution+3880",4824
560,46035,2026-03-16,Tricholome+4276,"Pandapapst+8323, Dumbledore+1135, Wriggleroom+4502",4824
561,46094,2026-03-21,Furry0329+6442,"DanzigMF+6351, NadtyLite+7330, cliuless+2304",4823
562,45888,2026-03-09,Bengal3+6710,"cringelordirl+3838, Gagneto+8499, NadtyLite+7330",4822
563,45054,2026-01-05,radiantchaos+5523,"DawnDiVito+5802, Dizzz+246, MrDrouf+3826",4820
564,45046,2026-01-04,tunnndz+4270,"Dizzz+246, Oppapi+9478, mouseinabox+992",4819
565,45766,2026-02-27,NadtyLite+7330,"Nefkano+8780, Schkitz+8222, DarthOblivius+1339",4819
566,46024,2026-03-15,Dramsss+3,"BadScra+3199, Emperia+9282, cjahwon+6865",4819
567,45182,2026-01-14,Blurr+1887,"Perdita+9449, Oppapi+9478, FausDav+5901",4819
568,45259,2026-01-21,Pandapapst+8323,"cliuless+2304, LucianTheFak+3697, weirdone+8473",4818
569,45037,2026-01-03,kayajam+9348,"TheWiseFox+8428, Wriggleroom+4502, Pandapapst+8323",4818
570,45373,2026-01-31,ninjacat536+1220,"Tad604+8004, BaconBoy+9689, DarthOblivius+1339",4817
571,45079,2026-01-06,buurn+343,"fadingnovel+7335, Pandapapst+8323, cliuless+2304",4817
572,45667,2026-02-20,matemato+5004,"Schkitz+8222, mkcy3+8006, buurn+343",4817
573,45988,2026-03-13,Ctfox+5431,"BaliHoo+3674, Peppy+6321, Dramsss+3",4816
574,45575,2026-02-15,Nefkano+8780,"Hadjiya+4475, cjahwon+6865, Schkitz+8222",4815
575,45685,2026-02-22,DanzigMF+6351,"Schkitz+8222, Munchking+5998, DemaRogue+7727",4815
576,45042,2026-01-03,PokerFace126+7192,"mysti+7857, 100pctskillz+6186, Sjepeal+9206",4814
577,45290,2026-01-26,ImJustExisting+9170,"EmbryoticDeth, tubaking+4200, FVMLion+1706",4812
578,45794,2026-03-03,cringelordirl+3838,"Schkitz+8222, NadtyLite+7330, weirdone+8473",4812
579,45670,2026-02-21,Tolfan,"mkcy3+8006, BaconBoy+9689, Munchking+5998",4811
580,45335,2026-01-28,Pandapapst+8323,"FavorOfTheRabbits+9523, cliuless+2304, Excitedteapot+2857",4811
581,46043,2026-03-17,tjudge+8299,"sleepylabone+1003, Dumbledore+1135, Darkwonderer+1035",4810
582,45150,2026-01-11,Bapgo+7254,"Pliskin+7357, Youdge+8117, cringelordirl+3838",4810
583,45839,2026-03-06,Tricholome+4276,"Ptitmxz+6986, deejaythink+9834, DarthOblivius+1339",4810
584,45647,2026-02-19,Nefkano+8780,"buurn+343, TurkeyNoNo+9522, DrCheeseFiend+3515",4810
585,45639,2026-02-19,Hadjiya+4475,"Piechu+7320, Sebby+9924, Tolfan",4810
586,45336,2026-01-28,matemato+5004,"LucianTheFak+3697, DarthPuniceus+9605, LutherStr+1358",4809
587,45060,2026-01-05,Aleph+9548,"CodPieceZ+7710, 100pctskillz+6186, MrDrouf+3826",4809
588,45526,2026-02-12,Podge0303+8578,"Schkitz+8222, Kmahussier+2186, cliuless+2304",4809
589,45116,2026-01-09,mouseinabox+992,"ToasterTrash+8502, Cookies+3700, Perdita+9449",4809
590,45117,2026-01-09,Cookies+3700,"Perdita+9449, ToasterTrash+8502, mouseinabox+992",4809
591,45717,2026-02-24,DanzigMF+6351,"Tricholome+4276, NadtyLite+7330, mouseinabox+992",4808
592,46032,2026-03-16,VanKaiserman+5269,"Hadjiya+4475, Karcher+6280, BoMa85+9812",4807
593,45188,2026-01-15,Tricholome+4276,"Wriggleroom+4502, TheWiseFox+8428, Led_Slash+3579",4807
594,45643,2026-02-19,Antiproject+7236,"RFMerlo+6470, Aceosd+1686, lumpyprol+3206",4807
595,45923,2026-03-10,tofuwater+4853,"Dandel+3128, Sirius+9323, alevGO+2990",4806
596,45894,2026-03-09,MylesMoose+6850,"AERotters+5277, Kmahussier+2186, mouseinabox+992",4805
597,45142,2026-01-10,BareGammon+82,"LHlegend+5313, 100pctskillz+6186, brrrlinguist+929",4805
598,45900,2026-03-09,fadingnovel+7335,"benssoon+802, LucianTheFak+3697, LutherStr+1358",4804
599,45091,2026-01-07,Cabbage0642+3776,"Biggins96+3792, AxlPrototype+5016, 100pctskillz+6186",4804
600,45701,2026-02-23,Tolfan,"BaconBoy+9689, Lokfok+5204, Hadjiya+4475",4804
601,45318,2026-01-27,swiftsusan+8662,"cringelordirl+3838, buurn+343, Tad604+8004",4804
602,45016,2026-01-02,VanKaiserman+5269,"NadtyLite+7330, 100pctskillz+6186, ThoseTeeff+4061",4802
603,45076,2026-01-06,100pctskillz+6186,"cliuless+2304, lumpyprol+3206, Alexispc+6921",4802
604,45987,2026-03-13,Ctfox+5431,"deejaythink+9834, TheFourthJesse+9103, NattyKash+316",4801
605,45178,2026-01-01,Led_Slash+3579,"Youdge+8117, pooge+6189, secretpaths+8130",4800
606,45023,2026-01-02,Killerstorm17+3440,"Hurple+6007, CoxyNormus+5176, Biggins96+3792",4800
607,45029,2026-01-03,BaconBoy+9689,"Oppapi+9478, Riverman+1204, AxlPrototype+5016",4800
608,45820,2026-03-05,Tad604+8004,"micherin+7972, Wubba+9310, Tricholome+4276",4800
609,45720,2026-02-24,Mossfusion+6189,"Nuttsy+5282, Julien+5506, chosennuttso",4800
610,45003,2026-01-01,mouseinabox+992,"CodPieceZ+7710, uwtron+573, DawnDiVito+5802",4800
611,45237,2026-01-18,Tricholome+4276,"BaliHoo+3674, Wrestler+3756, Peppy+6321",4800
612,45015,2026-01-02,Mindger+7576,"Mati92+4633, Tricholome+4276, Klishu+3272",4800
613,45008,2026-01-01,cliuless+2304,"Ironic+3891, Odinius+897, Wriggleroom+4502",4800
614,45009,2026-01-01,LHlegend+5313,"MrDrouf+3826, 100pctskillz+6186, metalnooze+4817",4800
615,45362,2026-01-30,Nefkano+8780,"DawnDiVito+5802, AERotters+5277, Tad604+8004",4800
616,45535,2026-02-13,lumpyprol+3206,"BaliHoo+3674, BMPerJMPer+9145, matemato+5004",4799
617,45405,2026-02-02,Odinius+897,"Wrestler+3756, 1coolguy+6294, AERotters+5277",4799
618,45160,2026-01-12,BaconBoy+9689,"cliuless+2304, Acecreamsundae+1472, Wrestler+3756",4798
619,45444,2026-02-05,cliuless+2304,"WyvernElement+1816, secretpaths+8130, MrDrouf+3826",4798
620,45942,2026-02-22,Led_Slash+3579,"mkcy3+8006, DawnDiVito+5802, cjahwon+6865",4797
621,46047,2026-03-17,matemato+5004,"BaliHoo+3674, Bjoda+2731, Seiza+6137",4797
622,45399,2026-02-02,swiftsusan+8662,"ellbelle+9011, Wrestler+3756, secretpaths+8130",4797
623,45311,2026-01-26,hakoo,"TonyDeloreanESQ+4756, McMayo+5829, Pandapapst+8323",4797
624,45854,2026-03-07,WyvernElement+1816,"Jasiuńcio+3892, cringelordirl+3838, Ptitmxz+6986",4797
625,45186,2026-01-15,Schkitz+8222,"HobGungan+2914, Odinius+897, PlagueCarrier+5718",4796
626,45989,2026-03-13,NadtyLite+7330,"Nefkano+8780, RexCow+93848049, DarthOblivius+1339",4796
627,45387,2026-02-01,LucianTheFak+3697,"NadtyLite+7330, Led_Slash+3579, LutherStr+1358",4796
628,45528,2026-02-12,LucianTheFak+3697,"kaiser+8343, Krooter+8646, Raybit+2953",4795
629,45913,2026-02-16,Led_Slash+3579,"Piechu+7320, buurn+343, Tad604+8004",4795
630,45732,2026-02-24,KFull+1226,"Klishu+3272, DarthOblivius+1339, matemato+5004",4795
631,45349,2026-01-30,VanKaiserman+5269,"NadtyLite+7330, mwcrabtree, Kmahussier+2186",4795
632,45245,2026-01-19,matemato+5004,"LHlegend+5313, Libitina114+7177, Sjepeal+9206",4794
633,45166,2026-01-13,pooge+6189,"Hydro033+5014, DarthOblivius+1339, BaliHoo+3674",4794
634,45047,2026-01-04,time2orush+2871,"CoxyNormus+5176, Biggins96+3792, Riverman+1204",4793
635,45822,2026-03-05,MylesMoose+6850,"TonyDeloreanESQ+4756, Tricholome+4276, Tad604+8004",4793
636,45642,2026-02-19,Ptitmxz+6986,"buurn+343, Nymmer+3243, DarthPuniceus+9605",4793
637,45980,2026-03-12,fadingnovel+7335,"LutherStr+1358, LucianTheFak+3697, Cheesecake271+5205",4793
638,45659,2026-02-20,mouseinabox+992,"LucianTheFak+3697, Hadjiya+4475, Nefkano+8780",4793
639,46003,2026-03-14,cringelordirl+3838,"Ptitmxz+6986, buurn+343, Bapgo+7254",4793
640,45219,2026-01-17,TurkeyNoNo+9522,"Wrestler+3756, Silver+6850, Podge0303+8578",4793
641,45257,2026-01-20,pwarren8590+4047,"ImJustExisting+9170, lgtw3450+6602, Perdita+9449",4792
642,45481,2026-02-09,AERotters+5277,"mouseinabox+992, Led_Slash+3579, buurn+343",4791
643,45080,2026-01-06,MrDrouf+3826,"BugMuff44+9091, buurn+343, Oppapi+9478",4788
644,45614,2026-02-17,swiftsusan+8662,"secretpaths+8130, Doordecat+1475, FVMLion+1706",4788
645,45563,2026-02-15,secretpaths+8130,"swiftsusan+8662, FVMLion+1706, Doordecat+1475",4787
646,45996,2026-03-14,DemaRogue+7727,"kaiser+8343, Piechu+7320, oshwott2844+9258",4786
647,46036,2026-03-17,BaconBoy+9689,"DarthOblivius+1339, ChippZamoose+906, Tad604+8004",4786
648,46052,2026-03-17,Oriol+2638,"tjudge+8299, Dandel+3128, Sirius+9323",4786
649,45760,2026-02-27,Hadjiya+4475,"deejaythink+9834, Munchking+5998, Tolfan",4786
650,46038,2026-03-17,deejaythink+9834,"Tolfan, Dumbledore+1135, Trumpet+4282",4785
651,45095,2026-01-07,Mouseman+7870,"voltigeur+3314, DegenerateIan+7146, mouseinabox+992",4785
652,45284,2026-01-23,Klishu+3272,"radiantchaos+5523, NadtyLite+7330, matemato+5004",4785
653,45440,2026-02-05,Schkitz+8222,"buurn+343, kaiser+8343, Harriet+1445",4783
654,45085,2026-01-07,GlisteningGeetus+4225,"Jerry, KFull+1226, Ironic+3891",4783
655,45065,2026-01-05,Acecreamsundae+1472,"100pctskillz+6186, BugMuff44+9091, LHlegend+5313",4783
656,45302,2026-01-25,FVMLion+1706,"cringelordirl+3838, BaconBoy+9689, MangoBlade11+7548",4782
657,45612,2026-02-17,swiftsusan+8662,"Doordecat+1475, secretpaths+8130, FVMLion+1706",4782
658,45651,2026-02-19,Tad604+8004,"Schkitz+8222, Munchking+5998, cjahwon+6865",4782
659,45562,2026-02-15,secretpaths+8130,"WyvernElement+1816, MrDrouf+3826, NadtyLite+7330",4781
660,45457,2026-02-06,Kmahussier+2186,"AERotters+5277, DawnDiVito+5802, Led_Slash+3579",4781
661,45145,2026-01-11,TimidTailwind+2597,"Demand+3288, Oppapi+9478, Clink+5884",4781
662,45216,2026-01-16,MrDrouf+3826,"Perdita+9449, Akayami+8372, darkcat+794",4781
663,45813,2026-03-04,Dramsss+3,"KFull+1226, DarthOblivius+1339, TheFourthJesse+9103",4781
664,45756,2026-02-27,LucianTheFak+3697,"TonyDeloreanESQ+4756, DarthPuniceus+9605, Piechu+7320",4780
665,45019,2026-01-02,Mohammad+8142,"byzeke+7830, KuperMeister+8518, 100pctskillz+6186",4780
666,46030,2026-03-16,Tolfan,"DemaRogue+7727, Piechu+7320, Mossfusion+6189",4780
667,46028,2026-03-16,Schkitz+8222,"kaiser+8343, TheFourthJesse+9103, DanzigMF+6351",4780
668,45030,2026-01-03,BugMuff44+9091,"Biggins96+3792, ImEpy+9148, TheDolphinman+2630",4780
669,45211,2026-01-16,matemato+5004,"Pandapapst+8323, DelSol+6479, NadtyLite+7330",4780
670,45011,2026-01-01,doejurko+3088,"alevGO+2990, secretpaths+8130, Jasiuńcio+3892",4780
671,45759,2026-02-27,Bengal3+6710,"BaconBoy+9689, Sharkskln+6071, Tad604+8004",4779
672,45574,2026-02-15,DarthPuniceus+9605,"NadtyLite+7330, LutherStr+1358, LucianTheFak+3697",4779
673,45469,2026-02-08,kaiser+8343,"Gaborever+8187, Jboooooooooooooooooooom+4776, Cheetah32+6800",4779
674,45810,2026-03-04,DemaRogue+7727,"NadtyLite+7330, Gagneto+8499, Seiza+6137",4779
675,45025,2026-01-02,cliuless+2304,"darkcat+794, Hydro033+5014, Wrestler+3756",4778
676,45201,2026-01-16,Tolfan,"TimidTailwind+2597, Perdita+9449, mouseinabox+992",4778
677,45729,2026-02-24,KFull+1226,"DanzigMF+6351, Excitedteapot+2857, buurn+343",4778
678,45020,2026-01-02,Peppy+6321,"100pctskillz+6186, Nadav253+6419, NonStInc.+6190",4777
679,45293,2026-01-24,ShuShuBana+2889,"mouseinabox+992, fadingnovel+7335, cliuless+2304",4777
680,45743,2026-02-25,swiftsusan+8662,"Wrestler+3756, secretpaths+8130, ellbelle+9011",4777
681,45621,2026-02-18,Sebby+9924,"BjarkeHuse+2923, Lex25+415, Munchking+5998",4777
682,45931,2026-03-11,mouseinabox+992,"DanzigMF+6351, WyvernElement+1816, Tricholome+4276",4777
683,45246,2026-01-19,matemato+5004,"McMayo+5829, 100pctskillz+6186, darkcat+794",4776
684,45161,2026-01-12,Tad604+8004,"GlisteningGeetus+4225, Youdge+8117, TheWiseFox+8428",4776
685,45111,2026-01-09,FakeSki+4232,"Perdita+9449, NadtyLite+7330, Wrestler+3756",4776
686,45613,2026-02-17,swiftsusan+8662,"secretpaths+8130, ellbelle+9011, Wrestler+3756",4775
687,45119,2026-01-09,tippop+7531,"Antiproject+7236, Youdge+8117, Wrestler+3756",4775
688,45357,2026-01-30,DarthPuniceus+9605,"Kmahussier+2186, Odinius+897, AERotters+5277",4775
689,45705,2026-02-23,Tricholome+4276,"Nefkano+8780, PlagueCarrier+5718, Raybit+2953",4775
690,46017,2026-03-15,Nadav253+6419,"Peppy+6321, buurn+343, nikkan+7933",4775
691,45644,2026-02-19,Podge0303+8578,"AERotters+5277, Odinius+897, pwarren8590+4047",4774
692,45961,2026-03-12,Kmahussier+2186,"micherin+7972, Schkitz+8222, DanzigMF+6351",4774
693,45525,2026-02-12,ReoWulf+5368,"Wrestler+3756, Excitedteapot+2857, AERotters+5277",4773
694,45568,2026-02-15,NadtyLite+7330,"Piechu+7320, Klishu+3272, Tricholome+4276",4773
695,45703,2026-02-23,Tolfan,"Banzai7000+1191, Hadjiya+4475, Munchking+5998",4772
696,45631,2026-02-18,Odinius+897,"radiantchaos+5523, TonyDeloreanESQ+4756, pwarren8590+4047",4771
697,45570,2026-02-15,Ptitmxz+6986,"MrDrouf+3826, Odinius+897, AERotters+5277",4771
698,46075,2026-03-19,Dramsss+3,"Odinius+897, cringelordirl+3838, TonyDeloreanESQ+4756",4771
699,46029,2026-03-16,Schkitz+8222,"NadtyLite+7330, DanzigMF+6351, voltigeur+3314",4771
700,45821,2026-03-05,Tricholome+4276,"deejaythink+9834, lumpyprol+3206, buurn+343",4770
701,45071,2026-01-06,cliuless+2304,"Musicalwoofy+7712, Dizzz+246, Perdita+9449",4770
702,45468,2026-02-08,ShuShuBana+2889,"PlagueCarrier+5718, HobGungan+2914, DawnDiVito+5802",4769
703,45615,2026-02-17,AERotters+5277,"Wriggleroom+4502, Yragael+5413, Tricholome+4276",4768
704,45134,2026-01-10,Hydro033+5014,"darkcat+794, Wrestler+3756, marksoz00+1780",4768
705,45248,2026-01-20,mouseinabox+992,"Perdita+9449, AJIJIi, TheDolphinman+2630",4767
706,45737,2026-02-25,LucianTheFak+3697,"re_al_+5392, LutherStr+1358, NadtyLite+7330",4767
707,45213,2026-01-16,KuperMeister+8518,"Perdita+9449, LHlegend+5313, cliuless+2304",4766
708,45277,2026-01-23,FVMLion+1706,"MrDrouf+3826, Oppapi+9478, tunnndz+4270",4766
709,45508,2026-02-11,FavorOfTheRabbits+9523,"Nymmer+3243, fadingnovel+7335, DrCheeseFiend+3515",4765
710,45914,2026-02-16,Led_Slash+3579,"LutherStr+1358, DarthOblivius+1339, LucianTheFak+3697",4765
711,45713,2026-02-23,swiftsusan+8662,"FVMLion+1706, Doordecat+1475, secretpaths+8130",4764
712,45669,2026-02-21,LucianTheFak+3697,"cliuless+2304, NadtyLite+7330, fadingnovel+7335",4763
713,45236,2026-01-05,Led_Slash+3579,"Oppapi+9478, CodPieceZ+7710, Drinken+3181",4763
714,45962,2026-03-12,Seiza+6137,"DarthOblivius+1339, NadtyLite+7330, cliuless+2304",4763
715,45267,2026-01-22,MrDrouf+3826,"Youdge+8117, HoosierDaddy+4463, AERotters+5277",4763
716,45338,2026-01-28,HobGungan+2914,"Odinius+897, FrancescoBr+4009, Antiproject+7236",4762
717,46048,2026-03-17,Tad604+8004,"Piechu+7320, lumpyprol+3206, Wubba+9310",4762
718,45608,2026-02-17,1coolguy+6294,"Aceosd+1686, Lobster+5525, NadtyLite+7330",4762
719,45114,2026-01-09,lumpyprol+3206,"cliuless+2304, PlagueCarrier+5718, BaliHoo+3674",4762
720,45069,2026-01-06,FakeSki+4232,"radiantchaos+5523, TheWiseFox+8428, NadtyLite+7330",4762
721,45170,2026-01-13,buurn+343,"Oppapi+9478, MrDrouf+3826, TheDolphinman+2630",4762
722,46012,2026-03-15,lumpyprol+3206,"Tricholome+4276, Munchking+5998, Schkitz+8222",4762
723,45414,2026-02-03,HobGungan+2914,"McMayo+5829, buurn+343, Silver+6850",4761
724,45089,2026-01-07,Bapgo+7254,"Odinius+897, Pandapapst+8323, buurn+343",4761
725,45017,2026-01-02,kaiser+8343,"uwtron+573, Perdita+9449, StarhardFishrinse+1675",4761
726,45781,2026-03-02,RFMerlo+6470,"NadtyLite+7330, re_al_+5392, Schkitz+8222",4761
727,45152,2026-01-11,vinnie+746,"TonyDeloreanESQ+4756, TheRedViper+1596, Ljazz7",4761
728,45877,2026-02-06,Led_Slash+3579,"LucianTheFak+3697, mouseinabox+992, LutherStr+1358",4761
729,45014,2026-01-01,MrDrouf+3826,"pashatherussian+5688, residentevil+6828, uwtron+573",4760
730,45070,2026-01-06,Bodnamax+6783,"TAKSpx+9156, uwtron+573, CodPieceZ+7710",4760
731,45024,2026-01-02,kayajam+9348,"Pandapapst+8323, Ironic+3891, Klishu+3272",4760
732,45010,2026-01-01,100pctskillz+6186,"fadingnovel+7335, Awesem+1966, DawnDiVito+5802",4760
733,45719,2026-02-24,Karcher+6280,"DelSol+6479, Aceosd+1686, matemato+5004",4759
734,45313,2026-01-26,"HobGungan+2914, Odinius+897","MylesMoose+6850, Wubba+9310",4759
735,45446,2026-02-06,FavorOfTheRabbits+9523,"Nefkano+8780, Wrestler+3756, DanzigMF+6351",4759
736,45075,2026-01-06,KuperMeister+8518,"100pctskillz+6186, CroCroCro+9495, AxlPrototype+5016",4759
737,45214,2026-01-16,Perdita+9449,"Acelet, FungusMouse+7883, mouseinabox+992",4757
738,45066,2026-01-06,HobGungan+2914,"Jerry, Podge0303+8578, KuperMeister+8518",4757
739,45513,2026-02-11,Hurple+6007,"FrancescoBr+4009, FVMLion+1706, Hadjiya+4475",4757
740,45041,2026-01-03,Octavius+8289,"Hossain2020+1837, Wolvane+1704, Dandel+3128",4756
741,45149,2026-01-11,HobGungan+2914,"Youdge+8117, matemato+5004, benssoon+802",4755
742,45113,2026-01-09,Perdita+9449,"ToasterTrash+8502, Dizzz+246, uwtron+573",4755
743,45741,2026-02-25,LutherStr+1358,"Hadjiya+4475, kaiser+8343, BaconBoy+9689",4755
744,45925,2026-03-10,matemato+5004,"re_al_+5392, DarthPuniceus+9605, cjahwon+6865",4754
745,45517,2026-02-12,ellbelle+9011,"swiftsusan+8662, Wrestler+3756, secretpaths+8130",4753
746,45202,2026-01-16,Pandapapst+8323,"AERotters+5277, Odinius+897, ShuShuBana+2889",4753
747,45123,2026-01-09,doejurko+3088,"Wriggleroom+4502, secretpaths+8130, swiftsusan+8662",4753
748,46022,2026-03-15,Rabbitwarlord+1983,"TonyDeloreanESQ+4756, WyvernElement+1816, AERotters+5277",4753
749,45674,2026-02-21,Gagneto+8499,"DanzigMF+6351, Tricholome+4276, Nymmer+3243",4752
750,45711,2026-02-23,mishaelh1+6045,"FalconBird+7701, ReoWulf+5368, DemaRogue+7727",4751
751,45601,2026-02-17,FavorOfTheRabbits+9523,"NadtyLite+7330, cjahwon+6865, DarthOblivius+1339",4751
752,45094,2026-01-07,MrDrouf+3826,"100pctskillz+6186, Hurple+6007, Oppapi+9478",4749
753,45040,2026-01-03,uwtron+573,"BugMuff44+9091, Bodnamax+6783, 100pctskillz+6186",4748
754,45679,2026-02-21,DemaRogue+7727,"mkcy3+8006, Baradhas+8593, mouseinabox+992",4748
755,45050,2026-01-04,Aleph+9548,"100pctskillz+6186, LHlegend+5313, residentevil+6828",4747
756,45716,2026-02-24,mkcy3+8006,"FireFox+7079, DemaRogue+7727, ImJustExisting+9170",4746
757,45474,2026-02-08,NadtyLite+7330,"QuixArtagnan+7824, ellbelle+9011, hakoo",4745
758,45043,2026-01-03,Kmahussier+2186,"HobGungan+2914, Pandapapst+8323, buurn+343",4744
759,45227,2026-01-17,mouseinabox+992,"KuperMeister+8518, pikeline+9847, Acelet",4744
760,45132,2026-01-10,FausDav+5901,"100pctskillz+6186, Oppapi+9478, MrDrouf+3826",4744
761,45126,2026-01-09,Oppapi+9478,"100pctskillz+6186, brrrlinguist+929, Nadav253+6419",4744
762,45731,2026-02-24,KFull+1226,"mouseinabox+992, Piechu+7320, DawnDiVito+5802",4744
763,45018,2026-01-02,fadingnovel+7335,"Mouseman+7870, bootle+7207, NadtyLite+7330",4744
764,45573,2026-02-15,DarthPuniceus+9605,"StoneOfShame+5048, RFMerlo+6470, Peppy+6321",4743
765,46097,2026-03-21,Dramsss+3,"Whats02+5282, Trumpet+4282, Darkwonderer+1035",4743
766,45369,2026-01-31,Schkitz+8222,"NadtyLite+7330, buurn+343, ninjacat536+1220",4743
767,45738,2026-02-25,DemaRogue+7727,"kaiser+8343, Hadjiya+4475, cjahwon+6865",4743
768,45648,2026-02-19,Tricholome+4276,"Pandapapst+8323, Wriggleroom+4502, Wrestler+3756",4743
769,45826,2026-03-05,Seiza+6137,"Ptitmxz+6986, BaliHoo+3674, BMPerJMPer+9145",4742
770,45522,2026-02-12,Nefkano+8780,"DanzigMF+6351, AERotters+5277, RFMerlo+6470",4741
771,45675,2026-02-21,LucianTheFak+3697,"BMPerJMPer+9145, Podge0303+8578, sparrowhawk+9374",4741
772,45052,2026-01-04,ShowStopperW+549,"Dandel+3128, Tolfan, Drinken+3181",4740
773,45093,2026-01-07,GlisteningGeetus+4225,"NadtyLite+7330, Podge0303+8578, KFull+1226",4740
774,45428,2026-02-04,radiantchaos+5523,"AERotters+5277, DawnDiVito+5802, matemato+5004",4739
775,45144,2026-01-10,pooge+6189,"NonStInc.+6190, HobGungan+2914, brrrlinguist+929",4739
776,45622,2026-02-18,NadtyLite+7330,"DawnDiVito+5802, PlagueCarrier+5718, TurkeyNoNo+9522",4738
777,45381,2026-02-01,Tolfan,"tunnndz+4270, KarmaBurn+1193, DrCheeseFiend+3515",4738
778,45270,2026-01-22,BaconBoy+9689,"Klishu+3272, PlagueCarrier+5718, Schkitz+8222",4738
779,45842,2026-03-06,DarthPuniceus+9605,"BaliHoo+3674, Seiza+6137, Mossfusion+6189",4737
780,45122,2026-01-09,kayajam+9348,"BMPerJMPer+9145, Podge0303+8578, Pandapapst+8323",4737
781,45473,2026-02-08,HobGungan+2914,"TempExtremal+1625, Raybit+2953, Pandapapst+8323",4736
782,45609,2026-02-17,Sebby+9924,"DemaRogue+7727, Dramsss+3, Hadjiya+4475",4736
783,46101,2026-03-21,Ctfox+5431,"buurn+343, Wubba+9310, Valzaan+3564",4736
784,46053,2026-03-17,Mouseman+7870,"Wriggleroom+4502, lumpyprol+3206, Piechu+7320",4736
785,45723,2026-02-24,FrancescoBr+4009,"TonyDeloreanESQ+4756, KFull+1226, buurn+343",4736
786,45062,2026-01-05,100pctskillz+6186,"CodPieceZ+7710, BugMuff44+9091, Acecreamsundae+1472",4735
787,45849,2026-03-07,Seiza+6137,"Jasiuńcio+3892, DanzigMF+6351, Hadjiya+4475",4735
788,45165,2026-01-13,TurkeyNoNo+9522,"buurn+343, Pandapapst+8323, 1coolguy+6294",4735
789,46031,2026-03-16,Pandapapst+8323,"Peppy+6321, Tricholome+4276, cjahwon+6865",4734
790,45476,2026-02-08,DarthPuniceus+9605,"Raybit+2953, FavorOfTheRabbits+9523, DawnDiVito+5802",4734
791,45837,2026-03-06,Wubba+9310,"HobGungan+2914, Odinius+897, Nefkano+8780",4734
792,45334,2026-01-28,radiantchaos+5523,"Pliskin+7357, DarthPuniceus+9605, DawnDiVito+5802",4733
793,45204,2026-01-16,Pandapapst+8323,"fadingnovel+7335, Odinius+897, mouseinabox+992",4732
794,45902,2026-03-10,LucianTheFak+3697,"Cheesecake271+5205, LutherStr+1358, re_al_+5392",4732
795,45172,2026-01-13,cliuless+2304,"Tad604+8004, Klishu+3272, cringelordirl+3838",4732
796,45231,2026-01-18,BaconBoy+9689,"Biggins96+3792, Acelet, TheDolphinman+2630",4732
797,45689,2026-02-22,complexartichoke+1699,"NadtyLite+7330, LucianTheFak+3697, DanzigMF+6351",4732
798,45453,2026-02-06,NadtyLite+7330,"MylesMoose+6850, Xman1997+3777, Nefkano+8780",4729
799,45177,2026-01-14,NadtyLite+7330,"radiantchaos+5523, NonStInc.+6190, uwtron+573",4729
800,45266,2026-01-22,Tricholome+4276,"lumpyprol+3206, LucianTheFak+3697, Wriggleroom+4502",4728
801,45666,2026-02-20,Kmahussier+2186,"sparrowhawk+9374, FrancescoBr+4009, DarthOblivius+1339",4728
802,45699,2026-02-23,LucianTheFak+3697,"LutherStr+1358, NadtyLite+7330, fadingnovel+7335",4728
803,45081,2026-01-06,KFull+1226,"DarthPuniceus+9605, Mouseman+7870, NadtyLite+7330",4727
804,45341,2026-01-29,AERotters+5277,"Kmahussier+2186, benssoon+802, Odinius+897",4726
805,45162,2026-01-12,Antiproject+7236,"Pandapapst+8323, Bjoda+2731, Wrestler+3756",4726
806,45533,2026-02-13,Xar149+9374,"Komasan+7739, Hadjiya+4475, Jboooooooooooooooooooom+4776",4725
807,45073,2026-01-06,AxlPrototype+5016,"100pctskillz+6186, Oppapi+9478, TAKSpx+9156",4723
808,46061,2026-03-18,matemato+5004,"tjudge+8299, Lex25+415, cjahwon+6865",4723
809,45174,2026-01-14,DarthPuniceus+9605,"buurn+343, radiantchaos+5523, DawnDiVito+5802",4723
810,45243,2026-01-19,ChippZamoose+906,"Aceosd+1686, DawnDiVito+5802, radiantchaos+5523",4722
811,45735,2026-02-25,LutherStr+1358,"Cheesecake271+5205, LucianTheFak+3697, fadingnovel+7335",4721
812,45124,2026-01-09,100pctskillz+6186,"Oppapi+9478, BareGammon+82, DanielDandaniel+7434",4720
813,45971,2026-03-12,Odinius+897,"HobGungan+2914, pooge+6189, Hadjiya+4475",4720
814,45143,2026-01-10,Awesem+1966,"radiantchaos+5523, darkcat+794, 100pctskillz+6186",4719
815,45156,2026-01-12,NadtyLite+7330,"Schkitz+8222, lumpyprol+3206, TheIndustrialRevoloution+3880",4719
816,45547,2026-02-14,DemaRogue+7727,"FalconBird+7701, BaconBoy+9689, tunnndz+4270",4718
817,45587,2026-02-16,KarmaBurn+1193,"Lex25+415, re_al_+5392, Hurple+6007",4717
818,45193,2026-01-15,KFull+1226,"MrDrouf+3826, 100pctskillz+6186, Doordecat+1475",4717
819,45519,2026-02-12,cliuless+2304,"Bitto+476, Tad604+8004, DanzigMF+6351",4717
820,45372,2026-01-31,NadtyLite+7330,"Wriggleroom+4502, Odinius+897, Led_Slash+3579",4716
821,45698,2026-02-23,LutherStr+1358,"Cheesecake271+5205, LucianTheFak+3697, cliuless+2304",4716
822,45618,2026-02-18,DemaRogue+7727,"mkcy3+8006, BaconBoy+9689, Hadjiya+4475",4716
823,45320,2026-01-27,Rabbitwarlord+1983,"TonyDeloreanESQ+4756, darkcat+794, Pandapapst+8323",4716
824,45652,2026-02-19,Nefkano+8780,"buurn+343, NadtyLite+7330, Klishu+3272",4716
825,45671,2026-02-21,dindane+250,"Piechu+7320, lumpyprol+3206, Hadjiya+4475",4715
826,45072,2026-01-06,TAKSpx+9156,"Oppapi+9478, hanban+3911, Dizzz+246",4715
827,45291,2026-01-23,Mouseman+7870,"TonyDeloreanESQ+4756, LHlegend+5313, DarthOblivius+1339",4715
828,45687,2026-02-22,Piechu+7320,"Hadjiya+4475, Sebby+9924, DemaRogue+7727",4714
829,45718,2026-02-24,NadtyLite+7330,"BMPerJMPer+9145, buurn+343, cliuless+2304",4714
830,45555,2026-02-14,LucianTheFak+3697,"Nefkano+8780, HobGungan+2914, Gagneto+8499",4713
831,45228,2026-01-17,tjudge+8299,"DrCheeseFiend+3515, LHlegend+5313, ForkMaster+8694",4713
832,45620,2026-02-18,TimidTailwind+2597,"Sebby+9924, Hadjiya+4475, Piechu+7320",4712
833,45108,2026-01-08,Perdita+9449,"catscat+1327, BaconBoy+9689, Oppapi+9478",4712
834,45229,2026-01-17,ShuShuBana+2889,"Odinius+897, HobGungan+2914, buurn+343",4711
835,45426,2026-02-04,kaiser+8343,"BaconBoy+9689, tunnndz+4270, DawnDiVito+5802",4711
836,45695,2026-02-22,ShuShuBana+2889,"HobGungan+2914, Wriggleroom+4502, Wubba+9310",4710
837,45221,2026-01-17,DarthPuniceus+9605,"cliuless+2304, ZachB+8726, Klishu+3272",4709
838,45916,2026-03-10,NadtyLite+7330,"kaiser+8343, DarthOblivius+1339, Odinius+897",4709
839,45550,2026-02-14,Nymmer+3243,"Nefkano+8780, DarthOblivius+1339, Lobster+5525",4709
840,45591,2026-02-16,BjarkeHuse+2923,"Trumpet+4282, buurn+343, FrancescoBr+4009",4707
841,45692,2026-02-22,mouseinabox+992,"SSR_Mike+6444, mkcy3+8006, ImJustExisting+9170",4706
842,45722,2026-02-25,Nymmer+3243,"DarthPuniceus+9605, buurn+343, Ptitmxz+6986",4705
843,45056,2026-01-05,KuperMeister+8518,"100pctskillz+6186, Octavius+8289, Dandel+3128",4705
844,45625,2026-02-18,FrancescoBr+4009,"Lex25+415, FatBoyyy+6258, Dramsss+3",4703
845,45754,2026-02-26,DarthPuniceus+9605,"DanzigMF+6351, buurn+343, cliuless+2304",4702
846,45879,2026-03-09,ChippZamoose+906,"buurn+343, AERotters+5277, Odinius+897",4701
847,46001,2026-03-14,Emperia+9282,"Piechu+7320, BadScra+3199, Hurple+6007",4701
848,45410,2026-02-03,tunnndz+4270,"mouseinabox+992, TheDolphinman+2630, Jboooooooooooooooooooom+4776",4701
849,45815,2026-03-05,kaiser+8343,"cliuless+2304, Wriggleroom+4502, DarthOblivius+1339",4701
850,45254,2026-01-20,MylesMoose+6850,"DawnDiVito+5802, buurn+343, AERotters+5277",4700
851,45804,2026-03-03,Schkitz+8222,"DelSol+6479, Pandapapst+8323, BaliHoo+3674",4699
852,45683,2026-02-21,BaconBoy+9689,"Banzai7000+1191, Lokfok+5204, Dramsss+3",4696
853,45589,2026-02-16,LutherStr+1358,"AERotters+5277, LucianTheFak+3697, cliuless+2304",4696
854,45811,2026-03-04,ermactually+9395,"Sirius+9323, Hadjiya+4475, Dandel+3128",4696
855,45330,2026-01-28,TheDolphinman+2630,"Dizzz+246, tunnndz+4270, FVMLion+1706",4696
856,45684,2026-02-22,cringelordirl+3838,"DarthOblivius+1339, matemato+5004, Wubba+9310",4696
857,45693,2026-02-22,AERotters+5277,"Podge0303+8578, cliuless+2304, Elijah+6615",4695
858,45709,2026-02-23,fadingnovel+7335,"NadtyLite+7330, LutherStr+1358, DanzigMF+6351",4693
859,45133,2026-01-10,Oppapi+9478,"Cookies+3700, Dizzz+246, TheDolphinman+2630",4693
860,45761,2026-02-27,NadtyLite+7330,"Munchking+5998, Schkitz+8222, DanzigMF+6351",4691
861,45028,2026-01-03,uwtron+573,"marksoz00+1780, Dandel+3128, 100pctskillz+6186",4691
862,45280,2026-01-23,Wrestler+3756,"DrCheeseFiend+3515, buurn+343, AERotters+5277",4689
863,45273,2026-01-22,MylesMoose+6850,"Odinius+897, HobGungan+2914, radiantchaos+5523",4688
864,45696,2026-02-22,AERotters+5277,"TheDolphinman+2630, TonyDeloreanESQ+4756, Podge0303+8578",4688
865,45241,2026-01-19,AERotters+5277,"Wrestler+3756, Gagneto+8499, Aceosd+1686",4687
866,45991,2026-03-13,Banzai7000+1191,"cliuless+2304, cringelordirl+3838, WyvernElement+1816",4686
867,45789,2026-03-02,Tricholome+4276,"TonyDeloreanESQ+4756, PlagueCarrier+5718, Xman1997+3777",4686
868,45833,2026-03-06,FrancescoBr+4009,"TonyDeloreanESQ+4756, RFMerlo+6470, BaconBoy+9689",4685
869,45494,2026-02-10,DemaRogue+7727,"Jboooooooooooooooooooom+4776, lumpyprol+3206, BaconBoy+9689",4684
870,45033,2026-01-03,Mati92+4633,"darkcat+794, Odinius+897, Klishu+3272",4684
871,46093,2026-03-21,Seiza+6137,"TonyDeloreanESQ+4756, cjahwon+6865, DanzigMF+6351",4684
872,45406,2026-02-02,Wrestler+3756,"MylesMoose+6850, cliuless+2304, cringelordirl+3838",4684
873,45106,2026-01-08,Tad604+8004,"matemato+5004, NadtyLite+7330, Ctfox+5431",4682
874,45061,2026-01-05,Oppapi+9478,"Drinken+3181, Musicalwoofy+7712, Plasma+7413",4682
875,45097,2026-01-07,Klishu+3272,"vinnie+746, Podge0303+8578, Wrestler+3756",4682
876,45322,2026-01-27,FrancescoBr+4009,"Kmahussier+2186, LHlegend+5313, ellbelle+9011",4682
877,45022,2026-01-02,PokerFace126+7192,"100pctskillz+6186, uwtron+573, StarhardFishrinse+1675",4682
878,45790,2026-03-02,LucianTheFak+3697,"NadtyLite+7330, Doordecat+1475, PlagueCarrier+5718",4681
879,45436,2026-02-05,pooge+6189,"lumpyprol+3206, Aceosd+1686, DarthOblivius+1339",4681
880,45151,2026-01-11,uwtron+573,"NadtyLite+7330, fadingnovel+7335, Pandapapst+8323",4681
881,45057,2026-01-05,100pctskillz+6186,"brrrlinguist+929, AxlPrototype+5016, NonStInc.+6190",4680
882,45164,2026-01-12,ToasterTrash+8502,"AERotters+5277, buurn+343, NadtyLite+7330",4680
883,45518,2026-02-12,Piechu+7320,"tunnndz+4270, mouseinabox+992, ImJustExisting+9170",4679
884,45599,2026-02-16,BjarkeHuse+2923,"Baradhas+8593, LHlegend+5313, Lex25+415",4678
885,45492,2026-02-09,TonyDeloreanESQ+4756,"cliuless+2304, mouseinabox+992, AERotters+5277",4676
886,45523,2026-02-12,RFMerlo+6470,"Piechu+7320, DrCheeseFiend+3515, StoneOfShame+5048",4675
887,45702,2026-02-23,cliuless+2304,"LucianTheFak+3697, NadtyLite+7330, buurn+343",4674
888,45319,2026-01-27,HobGungan+2914,"ellbelle+9011, ReoWulf+5368, Odinius+897",4674
889,45197,2026-01-15,cliuless+2304,"Doordecat+1475, DarthPuniceus+9605, 100pctskillz+6186",4674
890,45572,2026-02-15,Sebby+9924,"Hadjiya+4475, FatBoyyy+6258, Lex25+415",4674
891,45866,2026-03-08,NadtyLite+7330,"voltigeur+3314, Wriggleroom+4502, BMPerJMPer+9145",4672
892,45792,2026-03-03,Tolfan,"buurn+343, Zeldamon+7946, BaconBoy+9689",4672
893,45315,2026-01-27,ninjacat536+1220,"AERotters+5277, FakeSki+4232, Odinius+897",4671
894,45110,2026-01-08,Perdita+9449,"FausDav+5901, Podge0303+8578, Oppapi+9478",4671
895,45265,2026-01-22,Mouseman+7870,"marksoz00+1780, DelSol+6479, Podge0303+8578",4671
896,45506,2026-02-11,Schkitz+8222,"Hurple+6007, mouseinabox+992, Sebby+9924",4670
897,45099,2026-01-08,gord20+7161,"Soluna+2127, Hossain2020+1837, hanban+3911",4670
898,45393,2026-02-01,Odinius+897,"Wriggleroom+4502, Led_Slash+3579, HobGungan+2914",4670
899,45098,2026-01-08,gord20+7161,"Soluna+2127, hanban+3911, Hossain2020+1837",4670
900,45694,2026-02-22,Sharkskln+6071,"DemaRogue+7727, Yragael+5413, HobGungan+2914",4669
901,45109,2026-01-08,BaconBoy+9689,"NadtyLite+7330, WWren+25, Wrestler+3756",4669
902,45206,2026-01-16,Perdita+9449,"Drinken+3181, LHlegend+5313, KuperMeister+8518",4668
903,45294,2026-01-24,secretpaths+8130,"ellbelle+9011, Blank+7029, DelSol+6479",4668
904,46076,2026-03-19,Kmahussier+2186,"optimusprawn+9866, Wrestler+3756, buurn+343",4668
905,45026,2026-01-02,100pctskillz+6186,"uwtron+573, Dandel+3128, Bodnamax+6783",4668
906,45660,2026-02-20,DemaRogue+7727,"mouseinabox+992, Hadjiya+4475, tunnndz+4270",4666
907,45598,2026-02-16,Dramsss+3,"Dandel+3128, Hurple+6007, BaconBoy+9689",4664
908,45068,2026-01-06,marksoz00+1780,"Drinken+3181, 100pctskillz+6186, Hossain2020+1837",4664
909,45077,2026-01-06,Mindger+7576,"Wriggleroom+4502, Tricholome+4276, Pandapapst+8323",4663
910,45465,2026-02-07,Sjepeal+9206,"mishaelh1+6045, FVMLion+1706, DrCheeseFiend+3515",4663
911,45677,2026-02-21,1coolguy+6294,"deejaythink+9834, buurn+343, Munchking+5998",4662
912,45542,2026-02-13,Wubba+9310,"HobGungan+2914, ReoWulf+5368, Pandapapst+8323",4662
913,45183,2026-01-15,Dandel+3128,"LHlegend+5313, Perdita+9449, MrDrouf+3826",4659
914,45565,2026-02-15,cliuless+2304,"LucianTheFak+3697, Piechu+7320, HobGungan+2914",4659
915,45323,2026-01-27,KFull+1226,"NadtyLite+7330, radiantchaos+5523, DawnDiVito+5802",4657
916,45411,2026-02-03,1coolguy+6294,"AERotters+5277, DawnDiVito+5802, KargDemiau+7823",4657
917,45497,2026-02-10,mouseinabox+992,"tunnndz+4270, Piechu+7320, Hadjiya+4475",4656
918,45512,2026-02-11,Rabbitwarlord+1983,"Krooter+8646, Podge0303+8578, HobGungan+2914",4656
919,45301,2026-01-25,FrancescoBr+4009,"FVMLion+1706, DawnDiVito+5802, MangoBlade11+7548",4656
920,45582,2026-02-16,Schkitz+8222,"DanzigMF+6351, Raybit+2953, TonyDeloreanESQ+4756",4655
921,45634,2026-02-19,MylesMoose+6850,"DanzigMF+6351, NadtyLite+7330, Sharkskln+6071",4655
922,45083,2026-01-07,TAKSpx+9156,"Dizzz+246, Oppapi+9478, hanban+3911",4654
923,45672,2026-02-21,Pandapapst+8323,"radiantchaos+5523, DawnDiVito+5802, MylesMoose+6850",4654
924,45096,2026-01-07,Blurr+1887,"Hurple+6007, Oppapi+9478, 100pctskillz+6186",4653
925,45416,2026-02-03,LucianTheFak+3697,"LutherStr+1358, cliuless+2304, DarthPuniceus+9605",4652
926,45275,2026-01-23,AERotters+5277,"DarthOblivius+1339, ninjacat536+1220, NadtyLite+7330",4652
927,45131,2026-01-10,Schkitz+8222,"Dandel+3128, RangerEpic+0, 100pctskillz+6186",4651
928,45317,2026-01-27,Wrestler+3756,"FakeSki+4232, Elijah+6615, HobGungan+2914",4650
929,45394,2026-02-01,Mcauthor+181,"Elijah+6615, Klishu+3272, NadtyLite+7330",4649
930,45442,2026-02-05,BuliBaka+6658,"DarthOblivius+1339, Rabbitwarlord+1983, Cloudere+8085",4649
931,45386,2026-02-01,darkcat+794,"lumpyprol+3206, cliuless+2304, Wrestler+3756",4647
932,45105,2026-01-08,Odinius+897,"NadtyLite+7330, Klishu+3272, DarthPuniceus+9605",4647
933,45594,2026-02-16,Hadjiya+4475,"Baradhas+8593, ReoWulf+5368, benssoon+802",4647
934,45903,2026-03-10,Intraceptor+5437,"Munchking+5998, DemaRogue+7727, mouseinabox+992",4646
935,45365,2026-01-31,TonyDeloreanESQ+4756,"HobGungan+2914, MylesMoose+6850, Odinius+897",4646
936,45823,2026-03-05,Schkitz+8222,"Banzai7000+1191, WyvernElement+1816, DanzigMF+6351",4645
937,45191,2026-01-15,Klishu+3272,"Perdita+9449, NadtyLite+7330, DarthPuniceus+9605",4644
938,45747,2026-02-26,DemaRogue+7727,"Hadjiya+4475, cjahwon+6865, tjudge+8299",4643
939,45757,2026-02-27,deejaythink+9834,"Cookies+3700, DawnDiVito+5802, mouseinabox+992",4643
940,46088,2026-03-20,Peppy+6321,"cjahwon+6865, idk123+6079, Emperia+9282",4642
941,45661,2026-02-20,Hadjiya+4475,"Odinius+897, mouseinabox+992, AERotters+5277",4641
942,45544,2026-02-14,Sebby+9924,"Piechu+7320, mouseinabox+992, Hadjiya+4475",4640
943,45629,2026-02-18,mishaelh1+6045,"Lex25+415, FrancescoBr+4009, FatBoyyy+6258",4640
944,45348,2026-01-29,FavorOfTheRabbits+9523,"Harriet+1445, NadtyLite+7330, Wrestler+3756",4639
945,45242,2026-01-19,Pandapapst+8323,"LucianTheFak+3697, Wriggleroom+4502, HobGungan+2914",4638
946,45176,2026-01-14,NadtyLite+7330,"darkcat+794, KFull+1226, GlisteningGeetus+4225",4638
947,45876,2026-03-09,mouseinabox+992,"Rachel997, tjudge+8299, cjahwon+6865",4636
948,45210,2026-01-16,Perdita+9449,"Drinken+3181, Oppapi+9478, KuperMeister+8518",4635
949,45203,2026-01-16,Tricholome+4276,"Hiyoshi+2879, Wrestler+3756, HobGungan+2914",4635
950,45985,2026-03-13,Peppy+6321,"DarthOblivius+1339, Tricholome+4276, TheFourthJesse+9103",4633
951,45890,2026-03-09,NadtyLite+7330,"cliuless+2304, Doordecat+1475, buurn+343",4632
952,45205,2026-01-16,Napalminthebirdsong+5528,"TurkeyNoNo+9522, 100pctskillz+6186, PlagueCarrier+5718",4631
953,45745,2026-02-25,FrancescoBr+4009,"PsychologicalBox+5812, cjahwon+6865, Raybit+2953",4630
954,46013,2026-03-15,lumpyprol+3206,"Pandapapst+8323, TonyDeloreanESQ+4756, Wriggleroom+4502",4629
955,45187,2026-01-15,Napalminthebirdsong+5528,"TurkeyNoNo+9522, 100pctskillz+6186, PlagueCarrier+5718",4629
956,45499,2026-02-10,lumpyprol+3206,"AERotters+5277, goodgamepat+6980, buurn+343",4628
957,45791,2026-03-02,DanzigMF+6351,"Schkitz+8222, Banzai7000+1191, Wriggleroom+4502",4628
958,45337,2026-01-28,WyvernElement+1816,"buurn+343, Odinius+897, HobGungan+2914",4627
959,45740,2026-02-25,DanzigMF+6351,"AERotters+5277, Dramsss+3, cjahwon+6865",4627
960,45681,2026-02-21,VanKaiserman+5269,"BaliHoo+3674, sparrowhawk+9374, benruff+449",4625
961,45617,2026-02-18,Hadjiya+4475,"Baradhas+8593, mishaelh1+6045, Sebby+9924",4624
962,45200,2026-01-16,TurkeyNoNo+9522,"Napalminthebirdsong+5528, PlagueCarrier+5718, 100pctskillz+6186",4624
963,45619,2026-02-18,Baradhas+8593,"DemaRogue+7727, BaconBoy+9689, Hadjiya+4475",4624
964,45597,2026-02-16,Sebby+9924,"ReoWulf+5368, Hadjiya+4475, mishaelh1+6045",4624
965,45118,2026-01-09,ToasterTrash+8502,"BugMuff44+9091, Tolfan, TimidTailwind+2597",4624
966,45554,2026-02-14,DemaRogue+7727,"mouseinabox+992, Piechu+7320, Hadjiya+4475",4623
967,45419,2026-02-03,cringelordirl+3838,"cliuless+2304, Odinius+897, radiantchaos+5523",4621
968,45495,2026-02-10,LutherStr+1358,"NadtyLite+7330, FakeSki+4232, LucianTheFak+3697",4619
969,45309,2026-01-26,fadingnovel+7335,"mouseinabox+992, OUSlaughter+3653, ninjacat536+1220",4615
970,45409,2026-02-03,radiantchaos+5523,"BaconBoy+9689, FVMLion+1706, DawnDiVito+5802",4615
971,45578,2026-02-16,mkcy3+8006,"HobGungan+2914, Wubba+9310, RFMerlo+6470",4613
972,45127,2026-01-09,Pandapapst+8323,"BoMa85+9812, Jerry, Napalminthebirdsong+5528",4613
973,45802,2026-03-03,buurn+343,"Seiza+6137, Gibbs+3656, Actionman2222+4303",4613
974,45281,2026-01-23,Wrestler+3756,"LutherStr+1358, LucianTheFak+3697, NadtyLite+7330",4612
975,45199,2026-01-16,Tad604+8004,"Wriggleroom+4502, mouseinabox+992, DarthOblivius+1339",4610
976,45171,2026-01-13,radiantchaos+5523,"DawnDiVito+5802, HobGungan+2914, Wriggleroom+4502",4610
977,45710,2026-02-23,PlagueCarrier+5718,"Ptitmxz+6986, Odinius+897, HobGungan+2914",4610
978,45686,2026-02-22,ImJustExisting+9170,"Hadjiya+4475, tunnndz+4270, Piechu+7320",4609
979,45577,2026-02-15,Piechu+7320,"Sebby+9924, Dramsss+3, Hadjiya+4475",4608
980,45583,2026-02-16,Hadjiya+4475,"Piechu+7320, DemaRogue+7727, Sebby+9924",4606
981,46027,2026-03-16,mouseinabox+992,"Trumpet+4282, Piechu+7320, BuckeyeNation+0",4605
982,45531,2026-02-12,AERotters+5277,"Odinius+897, DemaRogue+7727, buurn+343",4604
983,45084,2026-01-07,Oppapi+9478,"hanban+3911, Dizzz+246, mouseinabox+992",4603
984,45857,2026-03-08,Tolfan,"Piechu+7320, mouseinabox+992, DawnDiVito+5802",4603
985,45739,2026-02-25,AERotters+5277,"Bengal3+6710, Cheesecake271+5205, cjahwon+6865",4603
986,45364,2026-01-31,NadtyLite+7330,"LutherStr+1358, DarthPuniceus+9605, LucianTheFak+3697",4602
987,45665,2026-02-20,FrancescoBr+4009,"Lex25+415, buurn+343, BjarkeHuse+2923",4602
988,45190,2026-01-15,NadtyLite+7330,"Pandapapst+8323, ninjacat536+1220, TheWiseFox+8428",4601
989,45415,2026-02-03,LucianTheFak+3697,"fadingnovel+7335, Wubba+9310, LutherStr+1358",4601
990,45845,2026-03-07,Dramsss+3,"SSR_Mike+6444, tunnndz+4270, BaconBoy+9689",4601
991,45678,2026-02-21,lumpyprol+3206,"WyvernElement+1816, Odinius+897, HobGungan+2914",4600
992,45584,2026-02-16,Odinius+897,"HobGungan+2914, Sharkskln+6071, themikeman+4306",4600
993,45708,2026-02-23,LucianTheFak+3697,"HobGungan+2914, Aceosd+1686, lumpyprol+3206",4599
994,45928,2026-03-10,Tad604+8004,"BaconBoy+9689, NattyKash+316, Wriggleroom+4502",4598
995,45725,2026-02-24,Pandapapst+8323,"Gagneto+8499, cjahwon+6865, DawnDiVito+5802",4597
996,45682,2026-02-21,mishaelh1+6045,"cjahwon+6865, mkcy3+8006, mouseinabox+992",4594
997,45637,2026-02-19,mouseinabox+992,"Piechu+7320, Sebby+9924, Hadjiya+4475",4594
998,45746,2026-02-25,LucianTheFak+3697,"HobGungan+2914, radiantchaos+5523, Hadjiya+4475",4593
999,45798,2026-03-03,HobGungan+2914,"Zeldamon+7946, buurn+343, Ctfox+5431",4592
1000,45853,2026-03-07,HobGungan+2914,"Wubba+9310, PlagueCarrier+5718, Dramsss+3",4592
1001,46087,2026-03-20,Piechu+7320,"BadScra+3199, nikkan+7933, optimusprawn+9866",4590
1002,45915,2026-03-10,Mossfusion+6189,"Wrestler+3756, DanzigMF+6351, buurn+343",4587
1003,45283,2026-01-23,ReoWulf+5368,"BaliHoo+3674, buurn+343, Oppapi+9478",4587
1004,45511,2026-02-11,Youdge+8117,"tunnndz+4270, Wriggleroom+4502, Pandapapst+8323",4586
1005,45780,2026-03-01,Dramsss+3,"VanKaiserman+5269, HobGungan+2914, DrCheeseFiend+3515",4585
1006,45308,2026-01-26,DarthPuniceus+9605,"fadingnovel+7335, LucianTheFak+3697, LutherStr+1358",4584
1007,45286,2026-01-23,ShuShuBana+2889,"NadtyLite+7330, Wriggleroom+4502, cliuless+2304",4583
1008,45251,2026-01-20,AERotters+5277,"Alexispc+6921, DawnDiVito+5802, Podge0303+8578",4583
1009,45064,2026-01-05,Odinius+897,"HobGungan+2914, Pandapapst+8323, Klishu+3272",4583
1010,45185,2026-01-15,Hydro033+5014,"MrDrouf+3826, NadtyLite+7330, Wriggleroom+4502",4582
1011,45749,2026-02-26,DemaRogue+7727,"tunnndz+4270, mouseinabox+992, Hadjiya+4475",4579
1012,45215,2026-01-16,DelSol+6479,"FavorOfTheRabbits+9523, Podge0303+8578, NadtyLite+7330",4579
1013,45420,2026-02-03,ImJustExisting+9170,"ReoWulf+5368, 100pctskillz+6186, LHlegend+5313",4576
1014,45843,2026-03-06,LucianTheFak+3697,"DanzigMF+6351, Klishu+3272, DarthOblivius+1339",4575
1015,45750,2026-02-26,benssoon+802,"HobGungan+2914, Pandapapst+8323, BaliHoo+3674",4575
1016,45355,2026-01-30,LutherStr+1358,"LucianTheFak+3697, kaiser+8343, mouseinabox+992",4570
1017,45515,2026-02-11,Schkitz+8222,"BaliHoo+3674, cliuless+2304, buurn+343",4570
1018,45521,2026-02-12,Ctfox+5431,"RFMerlo+6470, DarthOblivius+1339, Odinius+897",4569
1019,45314,2026-01-27,Podge0303+8578,"darkcat+794, HobGungan+2914, Rabbitwarlord+1983",4567
1020,45408,2026-02-03,FVMLion+1706,"DawnDiVito+5802, radiantchaos+5523, Jboooooooooooooooooooom+4776",4566
1021,46054,2026-03-17,cjahwon+6865,"DemaRogue+7727, Valzaan+3564, silverfox+4551",4563
1022,45595,2026-02-16,Piechu+7320,"Hadjiya+4475, Lex25+415, Sebby+9924",4562
1023,45753,2026-02-26,Hadjiya+4475,"BaliHoo+3674, LHlegend+5313, 1coolguy+6294",4560
1024,45812,2026-03-04,Sirius+9323,"Hadjiya+4475, Dandel+3128, LHlegend+5313",4560
1025,45807,2026-03-04,Wrestler+3756,"Kmahussier+2186, buurn+343, HobGungan+2914",4557
1026,45135,2026-01-10,Pandapapst+8323,"Napalminthebirdsong+5528, NadtyLite+7330, darkcat+794",4554
1027,45353,2026-01-30,NadtyLite+7330,"LutherStr+1358, DarthPuniceus+9605, LucianTheFak+3697",4551
1028,45130,2026-01-10,darkcat+794,"TurkeyNoNo+9522, Pandapapst+8323, NadtyLite+7330",4551
1029,46102,2026-03-21,IMPERATOR+2570,"BadScra+3199, Munchking+5998, Darkwonderer+1035",4550
1030,45832,2026-03-06,Tad604+8004,"lumpyprol+3206, buurn+343, BaconBoy+9689",4545
1031,45773,2026-03-01,Ctfox+5431,"benssoon+802, Aceosd+1686, BaliHoo+3674",4544
1032,45374,2026-01-31,Wriggleroom+4502,"HobGungan+2914, NonStInc.+6190, Lambo+7524",4544
1033,45867,2026-03-08,BaconBoy+9689,"Munchking+5998, mouseinabox+992, DemaRogue+7727",4541
1034,45346,2026-01-29,HobGungan+2914,"FVMLion+1706, DawnDiVito+5802, BaliHoo+3674",4540
1035,45255,2026-01-20,Hydro033+5014,"Wrestler+3756, Wriggleroom+4502, MrRiceGuy+5849",4539
1036,45632,2026-02-18,Piechu+7320,"Sharkskln+6071, DawnDiVito+5802, Munchking+5998",4538
1037,45803,2026-03-03,Schkitz+8222,"buurn+343, Banzai7000+1191, Lokfok+5204",4535
1038,45768,2026-02-27,Odinius+897,"HobGungan+2914, TonyDeloreanESQ+4756, Excitedteapot+2857",4535
1039,45801,2026-03-03,buurn+343,"Bengal3+6710, DawnDiVito+5802, BMPerJMPer+9145",4534
1040,45865,2026-03-08,HobGungan+2914,"mkcy3+8006, WyvernElement+1816, Odinius+897",4534
1041,46062,2026-03-18,PlagueCarrier+5718,"Munchking+5998, NadtyLite+7330, MylesMoose+6850",4531
1042,45462,2026-02-07,DawnDiVito+5802,"Cheetah32+6800, BaliHoo+3674, Raybit+2953",4527
1043,45579,2026-02-16,Hadjiya+4475,"mouseinabox+992, Sebby+9924, Piechu+7320",4527
1044,45901,2026-03-10,Emperia+9282,"cjahwon+6865, Dandel+3128, Valzaan+3564",4526
1045,45429,2026-02-04,DawnDiVito+5802,"HobGungan+2914, DanzigMF+6351, Wubba+9310",4526
1046,45274,2026-01-22,LHlegend+5313,"DrCheeseFiend+3515, FVMLion+1706, 100pctskillz+6186",4525
1047,45704,2026-02-23,HobGungan+2914,"Doordecat+1475, DemaRogue+7727, Munchking+5998",4515
1048,45514,2026-02-11,Drinken+3181,"Acelet, HobGungan+2914, LucianTheFak+3697",4512
1049,46055,2026-03-18,Valzaan+3564,"silverfox+4551, mouseinabox+992, cjahwon+6865",4506
1050,46096,2026-03-21,Podge0303+8578,"Excitedteapot+2857, HobGungan+2914, Raybit+2953",4502
1051,46045,2026-03-17,Dandel+3128,"Darkwonderer+1035, Sirius+9323, BaliHoo+3674",4499
1052,45676,2026-02-21,fadingnovel+7335,"LucianTheFak+3697, DarthOblivius+1339, LutherStr+1358",4499
1053,45817,2026-03-05,BMPerJMPer+9145,"Seiza+6137, buurn+343, Piechu+7320",4495
1054,45712,2026-02-23,PlagueCarrier+5718,"Marcus+9032, LucianTheFak+3697, buurn+343",4490
1055,45326,2026-01-27,NadtyLite+7330,"buurn+343, DarthOblivius+1339, FavorOfTheRabbits+9523",4489
1056,45328,2026-01-27,Ctfox+5431,"100pctskillz+6186, Klishu+3272, PlagueCarrier+5718",4486
1057,45795,2026-03-03,Ptitmxz+6986,"cjahwon+6865, Lex25+415, BaconBoy+9689",4485
1058,45654,2026-02-19,HobGungan+2914,"Lex25+415, Odinius+897, LucianTheFak+3697",4479
1059,45751,2026-02-26,AERotters+5277,"cjahwon+6865, Odinius+897, Hadjiya+4475",4477
1060,45688,2026-02-22,BaliHoo+3674,"Hadjiya+4475, Sebby+9924, RFMerlo+6470",4475
1061,45752,2026-02-26,Bengal3+6710,"HobGungan+2914, benssoon+802, DawnDiVito+5802",4467
1062,45168,2026-01-13,Pandapapst+8323,"Klishu+3272, NadtyLite+7330, Tricholome+4276",4466
1063,45561,2026-02-15,benssoon+802,"HobGungan+2914, TempExtremal+1625, PlagueCarrier+5718",4464
1064,45571,2026-02-15,Sebby+9924,"LHlegend+5313, Hadjiya+4475, Piechu+7320",4456
1065,46051,2026-03-17,DawnDiVito+5802,"Banzai7000+1191, Odinius+897, radiantchaos+5523",4452
1066,46077,2026-03-19,buurn+343,"MylesMoose+6850, Wriggleroom+4502, AERotters+5277",4449
1067,45799,2026-03-03,Hadjiya+4475,"Raybit+2953, PlagueCarrier+5718, HobGungan+2914",4448
1068,45818,2026-03-05,Ctfox+5431,"DarthOblivius+1339, cjahwon+6865, FakeSki+4232",4444
1069,45496,2026-02-10,DawnDiVito+5802,"Wubba+9310, radiantchaos+5523, BaliHoo+3674",4435
1070,45238,2026-01-18,Biggins96+3792,"LHlegend+5313, CoxyNormus+5176, hanban+3911",4427
1071,45816,2026-03-05,BaliHoo+3674,"Sirius+9323, buurn+343, Dandel+3128",4418
1072,45344,2026-01-29,NadtyLite+7330,"DawnDiVito+5802, Wriggleroom+4502, StoneOfShame+5048",4403
1073,45800,2026-03-03,buurn+343,"Aceosd+1686, Piechu+7320, Tad604+8004",4399
1074,45778,2026-03-01,Ptitmxz+6986,"buurn+343, HobGungan+2914, BaliHoo+3674",4390
1075,45569,2026-02-15,LHlegend+5313,"Piechu+7320, BaliHoo+3674, Hadjiya+4475",4327
1076,45771,2026-02-28,HobGungan+2914,"DawnDiVito+5802, buurn+343, MylesMoose+6850",4304
